participant_id,round,move
1,1,1
1,2,0
1,3,2
1,4,1
1,5,0
1,6,2
1,7,1
1,8,0
1,9,1
1,10,2
1,11,1
1,12,0
1,13,2
1,14,0
1,15,1
1,16,2
1,17,1
1,18,0
1,19,0
1,20,1
1,21,0
1,22,0
1,23,2
1,24,1
1,25,1
1,26,2
1,27,0
1,28,2
1,29,1
1,30,0
1,31,2
1,32,1
1,33,0
1,34,2
1,35,1
1,36,1
1,37,0
1,38,2
1,39,1
1,40,1
1,41,1
1,42,0
1,43,1
1,44,2
1,45,1
1,46,0
1,47,1
1,48,2
1,49,1
1,50,2
2,1,0
2,2,2
2,3,1
2,4,1
2,5,0
2,6,2
2,7,1
2,8,1
2,9,0
2,10,0
2,11,2
2,12,2
2,13,1
2,14,2
2,15,0
2,16,1
2,17,0
2,18,2
2,19,1
2,20,0
2,21,2
2,22,1
2,23,0
2,24,1
2,25,1
2,26,1
2,27,0
2,28,0
2,29,1
2,30,2
2,31,1
2,32,0
2,33,1
2,34,2
2,35,0
2,36,1
2,37,2
2,38,1
2,39,0
2,40,2
2,41,2
2,42,2
2,43,2
2,44,2
2,45,2
2,46,1
2,47,1
2,48,1
2,49,1
2,50,0
3,1,1
3,2,0
3,3,1
3,4,2
3,5,0
3,6,1
3,7,2
3,8,2
3,9,1
3,10,1
3,11,0
3,12,2
3,13,2
3,14,1
3,15,2
3,16,0
3,17,2
3,18,2
3,19,0
3,20,2
3,21,0
3,22,2
3,23,1
3,24,2
3,25,0
3,26,2
3,27,1
3,28,0
3,29,2
3,30,1
3,31,1
3,32,2
3,33,1
3,34,2
3,35,0
3,36,2
3,37,2
3,38,1
3,39,2
3,40,0
3,41,2
3,42,2
3,43,2
3,44,1
3,45,2
3,46,0
3,47,2
3,48,1
3,49,1
3,50,2
4,1,0
4,2,1
4,3,2
4,4,2
4,5,2
4,6,0
4,7,1
4,8,1
4,9,0
4,10,2
4,11,1
4,12,0
4,13,0
4,14,1
4,15,0
4,16,2
4,17,1
4,18,1
4,19,1
4,20,2
4,21,2
4,22,2
4,23,2
4,24,1
4,25,0
4,26,2
4,27,2
4,28,0
4,29,2
4,30,2
4,31,0
4,32,1
4,33,0
4,34,2
4,35,1
4,36,2
4,37,2
4,38,1
4,39,1
4,40,0
4,41,0
4,42,1
4,43,2
4,44,0
4,45,1
4,46,2
4,47,1
4,48,2
4,49,1
4,50,2
5,1,1
5,2,2
5,3,1
5,4,0
5,5,2
5,6,1
5,7,2
5,8,0
5,9,2
5,10,1
5,11,0
5,12,0
5,13,1
5,14,0
5,15,2
5,16,1
5,17,0
5,18,2
5,19,0
5,20,1
5,21,2
5,22,2
5,23,2
5,24,1
5,25,0
5,26,2
5,27,1
5,28,0
5,29,2
5,30,1
5,31,0
5,32,1
5,33,2
5,34,2
5,35,1
5,36,0
5,37,1
5,38,2
5,39,0
5,40,1
5,41,0
5,42,2
5,43,1
5,44,0
5,45,2
5,46,1
5,47,1
5,48,0
5,49,2
5,50,1
6,1,0
6,2,1
6,3,1
6,4,0
6,5,1
6,6,0
6,7,2
6,8,1
6,9,0
6,10,1
6,11,1
6,12,0
6,13,1
6,14,2
6,15,0
6,16,0
6,17,0
6,18,0
6,19,1
6,20,2
6,21,1
6,22,1
6,23,0
6,24,0
6,25,0
6,26,1
6,27,2
6,28,1
6,29,0
6,30,1
6,31,1
6,32,0
6,33,1
6,34,2
6,35,2
6,36,2
6,37,1
6,38,0
6,39,1
6,40,1
6,41,1
6,42,2
6,43,0
6,44,1
6,45,0
6,46,0
6,47,2
6,48,1
6,49,1
6,50,1
7,1,1
7,2,2
7,3,1
7,4,2
7,5,0
7,6,2
7,7,0
7,8,2
7,9,1
7,10,0
7,11,1
7,12,1
7,13,1
7,14,1
7,15,2
7,16,0
7,17,1
7,18,2
7,19,0
7,20,1
7,21,2
7,22,1
7,23,1
7,24,1
7,25,1
7,26,1
7,27,1
7,28,1
7,29,0
7,30,2
7,31,2
7,32,0
7,33,0
7,34,1
7,35,2
7,36,1
7,37,0
7,38,2
7,39,0
7,40,0
7,41,1
7,42,2
7,43,0
7,44,0
7,45,0
7,46,0
7,47,1
7,48,2
7,49,0
7,50,0
8,1,1
8,2,0
8,3,1
8,4,2
8,5,2
8,6,0
8,7,1
8,8,0
8,9,2
8,10,2
8,11,1
8,12,1
8,13,0
8,14,1
8,15,2
8,16,0
8,17,2
8,18,1
8,19,2
8,20,1
8,21,0
8,22,1
8,23,1
8,24,2
8,25,2
8,26,1
8,27,0
8,28,1
8,29,1
8,30,2
8,31,2
8,32,0
8,33,0
8,34,1
8,35,1
8,36,2
8,37,1
8,38,2
8,39,0
8,40,1
8,41,1
8,42,2
8,43,2
8,44,0
8,45,0
8,46,0
8,47,1
8,48,1
8,49,1
8,50,2
9,1,1
9,2,2
9,3,0
9,4,1
9,5,0
9,6,2
9,7,0
9,8,0
9,9,2
9,10,1
9,11,0
9,12,1
9,13,0
9,14,2
9,15,0
9,16,2
9,17,1
9,18,0
9,19,0
9,20,0
9,21,1
9,22,2
9,23,0
9,24,1
9,25,1
9,26,2
9,27,0
9,28,1
9,29,2
9,30,0
9,31,1
9,32,2
9,33,0
9,34,1
9,35,2
9,36,0
9,37,2
9,38,1
9,39,0
9,40,1
9,41,2
9,42,1
9,43,0
9,44,2
9,45,1
9,46,2
9,47,1
9,48,2
9,49,2
9,50,0
10,1,1
10,2,2
10,3,0
10,4,0
10,5,1
10,6,1
10,7,2
10,8,0
10,9,1
10,10,0
10,11,2
10,12,1
10,13,0
10,14,2
10,15,2
10,16,0
10,17,1
10,18,2
10,19,1
10,20,0
10,21,0
10,22,0
10,23,2
10,24,1
10,25,2
10,26,0
10,27,2
10,28,2
10,29,2
10,30,1
10,31,1
10,32,2
10,33,2
10,34,0
10,35,1
10,36,1
10,37,0
10,38,2
10,39,1
10,40,0
10,41,2
10,42,1
10,43,1
10,44,1
10,45,1
10,46,2
10,47,1
10,48,1
10,49,2
10,50,2
11,1,1
11,2,2
11,3,0
11,4,1
11,5,2
11,6,2
11,7,1
11,8,1
11,9,0
11,10,2
11,11,2
11,12,1
11,13,1
11,14,0
11,15,1
11,16,2
11,17,2
11,18,1
11,19,2
11,20,0
11,21,1
11,22,2
11,23,2
11,24,1
11,25,1
11,26,2
11,27,0
11,28,1
11,29,0
11,30,2
11,31,2
11,32,2
11,33,1
11,34,0
11,35,2
11,36,0
11,37,1
11,38,0
11,39,2
11,40,1
11,41,1
11,42,0
11,43,0
11,44,2
11,45,2
11,46,0
11,47,1
11,48,0
11,49,2
11,50,0
12,1,1
12,2,2
12,3,2
12,4,1
12,5,2
12,6,1
12,7,1
12,8,2
12,9,2
12,10,2
12,11,2
12,12,2
12,13,2
12,14,2
12,15,2
12,16,2
12,17,1
12,18,2
12,19,0
12,20,2
12,21,2
12,22,2
12,23,1
12,24,2
12,25,0
12,26,1
12,27,2
12,28,1
12,29,2
12,30,1
12,31,2
12,32,1
12,33,2
12,34,0
12,35,0
12,36,1
12,37,2
12,38,2
12,39,2
12,40,1
12,41,2
12,42,2
12,43,1
12,44,2
12,45,0
12,46,0
12,47,1
12,48,2
12,49,1
12,50,2
13,1,1
13,2,0
13,3,0
13,4,2
13,5,1
13,6,1
13,7,0
13,8,2
13,9,2
13,10,2
13,11,0
13,12,1
13,13,0
13,14,2
13,15,2
13,16,0
13,17,1
13,18,2
13,19,1
13,20,1
13,21,0
13,22,0
13,23,2
13,24,2
13,25,2
13,26,1
13,27,1
13,28,0
13,29,2
13,30,1
13,31,1
13,32,0
13,33,2
13,34,1
13,35,1
13,36,2
13,37,2
13,38,0
13,39,1
13,40,0
13,41,0
13,42,0
13,43,2
13,44,1
13,45,0
13,46,0
13,47,1
13,48,2
13,49,2
13,50,2
14,1,1
14,2,2
14,3,1
14,4,1
14,5,0
14,6,1
14,7,1
14,8,2
14,9,0
14,10,0
14,11,0
14,12,0
14,13,1
14,14,0
14,15,2
14,16,2
14,17,1
14,18,0
14,19,0
14,20,0
14,21,1
14,22,0
14,23,1
14,24,2
14,25,2
14,26,2
14,27,1
14,28,2
14,29,0
14,30,1
14,31,1
14,32,0
14,33,0
14,34,0
14,35,2
14,36,1
14,37,2
14,38,0
14,39,1
14,40,0
14,41,2
14,42,0
14,43,1
14,44,1
14,45,0
14,46,0
14,47,1
14,48,2
14,49,0
14,50,2
15,1,1
15,2,2
15,3,1
15,4,1
15,5,2
15,6,2
15,7,2
15,8,0
15,9,0
15,10,1
15,11,0
15,12,0
15,13,1
15,14,2
15,15,1
15,16,2
15,17,1
15,18,2
15,19,0
15,20,1
15,21,1
15,22,0
15,23,2
15,24,2
15,25,2
15,26,1
15,27,1
15,28,1
15,29,2
15,30,0
15,31,1
15,32,0
15,33,1
15,34,2
15,35,0
15,36,2
15,37,2
15,38,1
15,39,2
15,40,2
15,41,0
15,42,0
15,43,2
15,44,2
15,45,1
15,46,2
15,47,2
15,48,1
15,49,2
15,50,0
16,1,0
16,2,1
16,3,2
16,4,1
16,5,0
16,6,2
16,7,1
16,8,0
16,9,2
16,10,1
16,11,2
16,12,1
16,13,0
16,14,2
16,15,2
16,16,1
16,17,2
16,18,0
16,19,1
16,20,1
16,21,2
16,22,0
16,23,1
16,24,2
16,25,0
16,26,1
16,27,2
16,28,2
16,29,1
16,30,0
16,31,1
16,32,2
16,33,1
16,34,2
16,35,0
16,36,1
16,37,2
16,38,1
16,39,0
16,40,2
16,41,1
16,42,0
16,43,1
16,44,0
16,45,2
16,46,1
16,47,2
16,48,0
16,49,1
16,50,1
17,1,2
17,2,0
17,3,0
17,4,2
17,5,1
17,6,2
17,7,1
17,8,0
17,9,0
17,10,2
17,11,2
17,12,1
17,13,0
17,14,1
17,15,0
17,16,0
17,17,1
17,18,2
17,19,1
17,20,1
17,21,2
17,22,2
17,23,2
17,24,0
17,25,1
17,26,1
17,27,0
17,28,1
17,29,2
17,30,1
17,31,0
17,32,2
17,33,2
17,34,0
17,35,1
17,36,2
17,37,2
17,38,1
17,39,2
17,40,0
17,41,1
17,42,0
17,43,2
17,44,0
17,45,1
17,46,0
17,47,2
17,48,1
17,49,2
17,50,1
18,1,2
18,2,0
18,3,0
18,4,1
18,5,2
18,6,2
18,7,1
18,8,1
18,9,0
18,10,1
18,11,2
18,12,1
18,13,2
18,14,2
18,15,1
18,16,0
18,17,2
18,18,1
18,19,1
18,20,0
18,21,0
18,22,1
18,23,2
18,24,0
18,25,1
18,26,2
18,27,1
18,28,0
18,29,0
18,30,1
18,31,1
18,32,2
18,33,2
18,34,2
18,35,1
18,36,2
18,37,1
18,38,0
18,39,1
18,40,0
18,41,0
18,42,2
18,43,0
18,44,0
18,45,0
18,46,2
18,47,1
18,48,0
18,49,1
18,50,0
19,1,2
19,2,0
19,3,2
19,4,1
19,5,1
19,6,2
19,7,0
19,8,0
19,9,0
19,10,2
19,11,0
19,12,0
19,13,0
19,14,1
19,15,2
19,16,1
19,17,2
19,18,0
19,19,0
19,20,0
19,21,1
19,22,0
19,23,0
19,24,0
19,25,1
19,26,1
19,27,2
19,28,2
19,29,1
19,30,0
19,31,1
19,32,0
19,33,1
19,34,2
19,35,0
19,36,0
19,37,2
19,38,1
19,39,0
19,40,1
19,41,0
19,42,2
19,43,1
19,44,0
19,45,2
19,46,1
19,47,0
19,48,0
19,49,2
19,50,1
20,1,2
20,2,1
20,3,0
20,4,0
20,5,0
20,6,2
20,7,1
20,8,1
20,9,0
20,10,2
20,11,0
20,12,2
20,13,2
20,14,0
20,15,0
20,16,2
20,17,0
20,18,1
20,19,0
20,20,2
20,21,0
20,22,2
20,23,0
20,24,0
20,25,2
20,26,1
20,27,1
20,28,0
20,29,0
20,30,2
20,31,0
20,32,2
20,33,1
20,34,2
20,35,0
20,36,2
20,37,0
20,38,0
20,39,1
20,40,2
20,41,2
20,42,1
20,43,0
20,44,2
20,45,1
20,46,2
20,47,0
20,48,1
20,49,2
20,50,2
21,1,0
21,2,1
21,3,2
21,4,0
21,5,0
21,6,0
21,7,0
21,8,1
21,9,2
21,10,0
21,11,1
21,12,2
21,13,0
21,14,1
21,15,2
21,16,0
21,17,1
21,18,2
21,19,0
21,20,1
21,21,2
21,22,0
21,23,1
21,24,2
21,25,0
21,26,1
21,27,2
21,28,0
21,29,0
21,30,1
21,31,1
21,32,2
21,33,2
21,34,0
21,35,1
21,36,2
21,37,0
21,38,1
21,39,2
21,40,0
21,41,1
21,42,2
21,43,0
21,44,1
21,45,2
21,46,0
21,47,1
21,48,2
21,49,0
21,50,1
22,1,0
22,2,1
22,3,2
22,4,2
22,5,1
22,6,2
22,7,0
22,8,0
22,9,0
22,10,0
22,11,0
22,12,0
22,13,0
22,14,2
22,15,2
22,16,2
22,17,1
22,18,1
22,19,2
22,20,0
22,21,0
22,22,0
22,23,2
22,24,2
22,25,1
22,26,1
22,27,1
22,28,0
22,29,0
22,30,0
22,31,1
22,32,1
22,33,0
22,34,0
22,35,0
22,36,2
22,37,2
22,38,2
22,39,1
22,40,1
22,41,2
22,42,2
22,43,2
22,44,1
22,45,1
22,46,0
22,47,0
22,48,0
22,49,0
22,50,0
23,1,0
23,2,1
23,3,2
23,4,0
23,5,1
23,6,0
23,7,1
23,8,2
23,9,0
23,10,0
23,11,1
23,12,2
23,13,0
23,14,1
23,15,0
23,16,1
23,17,1
23,18,0
23,19,0
23,20,2
23,21,2
23,22,1
23,23,0
23,24,0
23,25,2
23,26,2
23,27,0
23,28,0
23,29,2
23,30,0
23,31,0
23,32,2
23,33,2
23,34,0
23,35,1
23,36,2
23,37,0
23,38,1
23,39,1
23,40,1
23,41,1
23,42,1
23,43,0
23,44,0
23,45,2
23,46,2
23,47,1
23,48,0
23,49,1
23,50,2
24,1,1
24,2,2
24,3,0
24,4,1
24,5,0
24,6,2
24,7,0
24,8,1
24,9,1
24,10,2
24,11,2
24,12,2
24,13,0
24,14,0
24,15,1
24,16,1
24,17,0
24,18,1
24,19,2
24,20,1
24,21,2
24,22,2
24,23,1
24,24,0
24,25,1
24,26,0
24,27,2
24,28,1
24,29,0
24,30,2
24,31,1
24,32,1
24,33,0
24,34,2
24,35,1
24,36,0
24,37,2
24,38,1
24,39,0
24,40,0
24,41,0
24,42,1
24,43,1
24,44,0
24,45,0
24,46,2
24,47,1
24,48,1
24,49,0
24,50,2
25,1,0
25,2,0
25,3,0
25,4,0
25,5,0
25,6,0
25,7,0
25,8,0
25,9,0
25,10,0
25,11,0
25,12,0
25,13,0
25,14,0
25,15,0
25,16,0
25,17,0
25,18,0
25,19,0
25,20,0
25,21,0
25,22,0
25,23,0
25,24,0
25,25,0
25,26,0
25,27,0
25,28,0
25,29,0
25,30,0
25,31,0
25,32,0
25,33,0
25,34,0
25,35,0
25,36,0
25,37,0
25,38,0
25,39,0
25,40,0
25,41,0
25,42,0
25,43,0
25,44,0
25,45,0
25,46,0
25,47,0
25,48,0
25,49,0
25,50,0
26,1,0
26,2,0
26,3,0
26,4,0
26,5,0
26,6,0
26,7,0
26,8,0
26,9,0
26,10,0
26,11,0
26,12,0
26,13,0
26,14,0
26,15,1
26,16,1
26,17,1
26,18,1
26,19,1
26,20,1
26,21,1
26,22,1
26,23,1
26,24,1
26,25,1
26,26,1
26,27,1
26,28,1
26,29,1
26,30,1
26,31,1
26,32,2
26,33,2
26,34,2
26,35,2
26,36,2
26,37,2
26,38,2
26,39,2
26,40,2
26,41,2
26,42,2
26,43,2
26,44,2
26,45,2
26,46,2
26,47,2
26,48,2
26,49,2
26,50,2
27,1,0
27,2,1
27,3,2
27,4,2
27,5,1
27,6,2
27,7,0
27,8,1
27,9,0
27,10,2
27,11,1
27,12,2
27,13,2
27,14,1
27,15,1
27,16,0
27,17,0
27,18,2
27,19,2
27,20,1
27,21,2
27,22,0
27,23,2
27,24,0
27,25,2
27,26,1
27,27,0
27,28,2
27,29,1
27,30,1
27,31,2
27,32,0
27,33,0
27,34,1
27,35,2
27,36,2
27,37,0
27,38,1
27,39,2
27,40,1
27,41,0
27,42,2
27,43,1
27,44,1
27,45,0
27,46,0
27,47,2
27,48,2
27,49,1
27,50,1
28,1,0
28,2,1
28,3,2
28,4,1
28,5,0
28,6,2
28,7,1
28,8,2
28,9,1
28,10,2
28,11,0
28,12,1
28,13,0
28,14,2
28,15,1
28,16,0
28,17,1
28,18,2
28,19,0
28,20,1
28,21,0
28,22,2
28,23,2
28,24,2
28,25,0
28,26,1
28,27,1
28,28,1
28,29,1
28,30,1
28,31,1
28,32,1
28,33,1
28,34,1
28,35,1
28,36,1
28,37,1
28,38,2
28,39,1
28,40,1
28,41,0
28,42,0
28,43,1
28,44,0
28,45,0
28,46,2
28,47,2
28,48,2
28,49,0
28,50,1
29,1,1
29,2,2
29,3,0
29,4,0
29,5,1
29,6,0
29,7,1
29,8,2
29,9,1
29,10,0
29,11,1
29,12,2
29,13,1
29,14,2
29,15,0
29,16,1
29,17,2
29,18,2
29,19,1
29,20,1
29,21,2
29,22,1
29,23,1
29,24,0
29,25,2
29,26,0
29,27,0
29,28,0
29,29,0
29,30,2
29,31,1
29,32,0
29,33,1
29,34,1
29,35,1
29,36,1
29,37,2
29,38,0
29,39,2
29,40,0
29,41,0
29,42,0
29,43,0
29,44,2
29,45,2
29,46,1
29,47,0
29,48,1
29,49,2
29,50,0
30,1,0
30,2,1
30,3,2
30,4,0
30,5,1
30,6,2
30,7,0
30,8,1
30,9,2
30,10,0
30,11,1
30,12,2
30,13,2
30,14,1
30,15,0
30,16,2
30,17,1
30,18,0
30,19,2
30,20,1
30,21,0
30,22,2
30,23,1
30,24,1
30,25,1
30,26,2
30,27,2
30,28,0
30,29,1
30,30,2
30,31,0
30,32,1
30,33,2
30,34,0
30,35,1
30,36,2
30,37,0
30,38,1
30,39,2
30,40,0
30,41,1
30,42,2
30,43,2
30,44,0
30,45,1
30,46,2
30,47,1
30,48,0
30,49,0
30,50,1
31,1,0
31,2,2
31,3,1
31,4,2
31,5,0
31,6,1
31,7,1
31,8,2
31,9,0
31,10,1
31,11,0
31,12,2
31,13,1
31,14,2
31,15,2
31,16,0
31,17,2
31,18,1
31,19,1
31,20,1
31,21,0
31,22,2
31,23,2
31,24,0
31,25,1
31,26,0
31,27,1
31,28,2
31,29,2
31,30,1
31,31,0
31,32,2
31,33,1
31,34,2
31,35,1
31,36,0
31,37,0
31,38,2
31,39,1
31,40,0
31,41,2
31,42,1
31,43,1
31,44,2
31,45,0
31,46,0
31,47,0
31,48,2
31,49,1
31,50,0
32,1,0
32,2,0
32,3,1
32,4,1
32,5,0
32,6,2
32,7,1
32,8,2
32,9,0
32,10,0
32,11,1
32,12,0
32,13,2
32,14,1
32,15,2
32,16,2
32,17,1
32,18,2
32,19,1
32,20,1
32,21,0
32,22,0
32,23,2
32,24,1
32,25,2
32,26,1
32,27,1
32,28,2
32,29,2
32,30,2
32,31,2
32,32,2
32,33,2
32,34,1
32,35,1
32,36,1
32,37,2
32,38,2
32,39,2
32,40,2
32,41,2
32,42,1
32,43,1
32,44,0
32,45,1
32,46,0
32,47,0
32,48,1
32,49,1
32,50,1
33,1,0
33,2,1
33,3,2
33,4,0
33,5,0
33,6,0
33,7,1
33,8,0
33,9,1
33,10,2
33,11,1
33,12,2
33,13,1
33,14,0
33,15,1
33,16,0
33,17,1
33,18,0
33,19,2
33,20,1
33,21,2
33,22,1
33,23,2
33,24,1
33,25,0
33,26,1
33,27,0
33,28,0
33,29,2
33,30,0
33,31,0
33,32,2
33,33,0
33,34,1
33,35,0
33,36,0
33,37,0
33,38,0
33,39,1
33,40,1
33,41,1
33,42,0
33,43,0
33,44,0
33,45,1
33,46,1
33,47,1
33,48,2
33,49,2
33,50,2
34,1,0
34,2,0
34,3,2
34,4,1
34,5,2
34,6,2
34,7,0
34,8,2
34,9,2
34,10,2
34,11,0
34,12,2
34,13,0
34,14,1
34,15,1
34,16,0
34,17,2
34,18,0
34,19,0
34,20,0
34,21,1
34,22,0
34,23,2
34,24,1
34,25,2
34,26,0
34,27,0
34,28,1
34,29,2
34,30,1
34,31,0
34,32,0
34,33,0
34,34,0
34,35,0
34,36,0
34,37,0
34,38,0
34,39,0
34,40,0
34,41,0
34,42,0
34,43,0
34,44,0
34,45,0
34,46,0
34,47,0
34,48,0
34,49,0
34,50,0
35,1,2
35,2,0
35,3,1
35,4,1
35,5,2
35,6,0
35,7,1
35,8,0
35,9,2
35,10,2
35,11,2
35,12,1
35,13,0
35,14,1
35,15,1
35,16,0
35,17,2
35,18,0
35,19,0
35,20,2
35,21,0
35,22,2
35,23,1
35,24,2
35,25,1
35,26,0
35,27,2
35,28,1
35,29,0
35,30,0
35,31,2
35,32,1
35,33,0
35,34,0
35,35,0
35,36,0
35,37,2
35,38,2
35,39,1
35,40,2
35,41,0
35,42,1
35,43,0
35,44,1
35,45,2
35,46,2
35,47,2
35,48,2
35,49,1
35,50,0
36,1,1
36,2,0
36,3,2
36,4,1
36,5,2
36,6,0
36,7,1
36,8,0
36,9,2
36,10,1
36,11,2
36,12,0
36,13,1
36,14,2
36,15,2
36,16,0
36,17,1
36,18,2
36,19,0
36,20,1
36,21,2
36,22,2
36,23,2
36,24,1
36,25,0
36,26,2
36,27,1
36,28,0
36,29,0
36,30,0
36,31,1
36,32,2
36,33,1
36,34,2
36,35,0
36,36,1
36,37,2
36,38,2
36,39,1
36,40,2
36,41,0
36,42,1
36,43,2
36,44,2
36,45,1
36,46,0
36,47,2
36,48,1
36,49,2
36,50,1
37,1,1
37,2,1
37,3,0
37,4,2
37,5,0
37,6,1
37,7,2
37,8,0
37,9,1
37,10,2
37,11,1
37,12,2
37,13,0
37,14,0
37,15,2
37,16,1
37,17,0
37,18,2
37,19,2
37,20,2
37,21,0
37,22,1
37,23,2
37,24,2
37,25,2
37,26,2
37,27,0
37,28,0
37,29,2
37,30,1
37,31,0
37,32,0
37,33,2
37,34,1
37,35,0
37,36,2
37,37,0
37,38,1
37,39,1
37,40,0
37,41,1
37,42,2
37,43,1
37,44,1
37,45,0
37,46,0
37,47,2
37,48,1
37,49,0
37,50,2
38,1,0
38,2,1
38,3,0
38,4,2
38,5,1
38,6,0
38,7,2
38,8,1
38,9,0
38,10,1
38,11,2
38,12,2
38,13,1
38,14,1
38,15,2
38,16,0
38,17,2
38,18,1
38,19,2
38,20,0
38,21,1
38,22,2
38,23,0
38,24,1
38,25,0
38,26,2
38,27,2
38,28,0
38,29,1
38,30,0
38,31,2
38,32,1
38,33,0
38,34,0
38,35,1
38,36,0
38,37,1
38,38,1
38,39,2
38,40,0
38,41,1
38,42,2
38,43,0
38,44,1
38,45,0
38,46,2
38,47,0
38,48,2
38,49,1
38,50,1
39,1,1
39,2,0
39,3,0
39,4,1
39,5,2
39,6,1
39,7,0
39,8,1
39,9,0
39,10,2
39,11,1
39,12,2
39,13,2
39,14,0
39,15,1
39,16,2
39,17,2
39,18,0
39,19,0
39,20,1
39,21,2
39,22,2
39,23,0
39,24,1
39,25,0
39,26,2
39,27,1
39,28,1
39,29,0
39,30,0
39,31,2
39,32,0
39,33,1
39,34,2
39,35,2
39,36,0
39,37,2
39,38,1
39,39,2
39,40,2
39,41,1
39,42,0
39,43,1
39,44,0
39,45,2
39,46,0
39,47,2
39,48,1
39,49,0
39,50,1
40,1,1
40,2,0
40,3,2
40,4,1
40,5,2
40,6,2
40,7,0
40,8,0
40,9,1
40,10,2
40,11,2
40,12,1
40,13,2
40,14,0
40,15,1
40,16,2
40,17,2
40,18,1
40,19,0
40,20,2
40,21,1
40,22,2
40,23,0
40,24,1
40,25,2
40,26,2
40,27,0
40,28,1
40,29,2
40,30,1
40,31,0
40,32,1
40,33,2
40,34,0
40,35,1
40,36,2
40,37,0
40,38,1
40,39,2
40,40,1
40,41,0
40,42,2
40,43,0
40,44,1
40,45,2
40,46,2
40,47,1
40,48,0
40,49,2
40,50,1
41,1,0
41,2,1
41,3,2
41,4,1
41,5,1
41,6,2
41,7,0
41,8,1
41,9,2
41,10,2
41,11,1
41,12,1
41,13,0
41,14,1
41,15,2
41,16,1
41,17,1
41,18,2
41,19,1
41,20,0
41,21,1
41,22,2
41,23,2
41,24,1
41,25,2
41,26,0
41,27,1
41,28,2
41,29,1
41,30,0
41,31,1
41,32,2
41,33,1
41,34,2
41,35,0
41,36,1
41,37,2
41,38,1
41,39,0
41,40,1
41,41,2
41,42,1
41,43,2
41,44,0
41,45,1
41,46,2
41,47,1
41,48,0
41,49,2
41,50,1
42,1,2
42,2,2
42,3,0
42,4,0
42,5,1
42,6,1
42,7,1
42,8,1
42,9,0
42,10,2
42,11,1
42,12,1
42,13,2
42,14,2
42,15,1
42,16,0
42,17,1
42,18,2
42,19,1
42,20,0
42,21,1
42,22,1
42,23,2
42,24,1
42,25,1
42,26,0
42,27,0
42,28,2
42,29,2
42,30,1
42,31,0
42,32,0
42,33,2
42,34,1
42,35,0
42,36,2
42,37,2
42,38,0
42,39,1
42,40,0
42,41,2
42,42,0
42,43,1
42,44,0
42,45,2
42,46,1
42,47,0
42,48,2
42,49,1
42,50,0
43,1,0
43,2,1
43,3,2
43,4,2
43,5,1
43,6,0
43,7,1
43,8,0
43,9,2
43,10,1
43,11,0
43,12,1
43,13,1
43,14,1
43,15,2
43,16,1
43,17,0
43,18,2
43,19,0
43,20,2
43,21,1
43,22,2
43,23,1
43,24,1
43,25,2
43,26,0
43,27,2
43,28,0
43,29,0
43,30,1
43,31,0
43,32,2
43,33,1
43,34,0
43,35,1
43,36,2
43,37,2
43,38,0
43,39,2
43,40,1
43,41,1
43,42,1
43,43,2
43,44,1
43,45,0
43,46,1
43,47,2
43,48,2
43,49,0
43,50,1
44,1,0
44,2,0
44,3,2
44,4,2
44,5,2
44,6,0
44,7,1
44,8,0
44,9,0
44,10,2
44,11,2
44,12,1
44,13,0
44,14,1
44,15,0
44,16,2
44,17,2
44,18,0
44,19,1
44,20,2
44,21,0
44,22,0
44,23,0
44,24,0
44,25,1
44,26,1
44,27,2
44,28,1
44,29,0
44,30,1
44,31,2
44,32,2
44,33,2
44,34,0
44,35,0
44,36,1
44,37,1
44,38,2
44,39,0
44,40,1
44,41,2
44,42,1
44,43,0
44,44,2
44,45,1
44,46,2
44,47,2
44,48,0
44,49,0
44,50,1
45,1,0
45,2,0
45,3,1
45,4,0
45,5,0
45,6,1
45,7,1
45,8,2
45,9,2
45,10,1
45,11,1
45,12,2
45,13,0
45,14,0
45,15,2
45,16,2
45,17,0
45,18,1
45,19,1
45,20,1
45,21,0
45,22,2
45,23,1
45,24,1
45,25,0
45,26,0
45,27,0
45,28,2
45,29,2
45,30,2
45,31,1
45,32,0
45,33,2
45,34,2
45,35,1
45,36,2
45,37,0
45,38,1
45,39,0
45,40,0
45,41,0
45,42,1
45,43,0
45,44,1
45,45,1
45,46,2
45,47,1
45,48,1
45,49,1
45,50,0
46,1,2
46,2,0
46,3,1
46,4,0
46,5,0
46,6,2
46,7,1
46,8,2
46,9,0
46,10,1
46,11,1
46,12,2
46,13,0
46,14,2
46,15,0
46,16,2
46,17,1
46,18,1
46,19,0
46,20,0
46,21,2
46,22,1
46,23,1
46,24,2
46,25,0
46,26,1
46,27,1
46,28,0
46,29,2
46,30,0
46,31,1
46,32,1
46,33,2
46,34,0
46,35,1
46,36,2
46,37,2
46,38,1
46,39,0
46,40,2
46,41,0
46,42,1
46,43,2
46,44,1
46,45,0
46,46,1
46,47,2
46,48,0
46,49,1
46,50,1
47,1,2
47,2,2
47,3,1
47,4,0
47,5,1
47,6,2
47,7,1
47,8,0
47,9,2
47,10,1
47,11,1
47,12,2
47,13,2
47,14,2
47,15,0
47,16,0
47,17,0
47,18,1
47,19,2
47,20,2
47,21,1
47,22,1
47,23,1
47,24,2
47,25,2
47,26,0
47,27,0
47,28,0
47,29,0
47,30,1
47,31,0
47,32,2
47,33,1
47,34,2
47,35,0
47,36,1
47,37,2
47,38,2
47,39,1
47,40,1
47,41,1
47,42,1
47,43,0
47,44,0
47,45,2
47,46,1
47,47,0
47,48,1
47,49,2
47,50,2
48,1,1
48,2,0
48,3,2
48,4,1
48,5,2
48,6,0
48,7,2
48,8,1
48,9,0
48,10,2
48,11,1
48,12,0
48,13,0
48,14,2
48,15,1
48,16,2
48,17,0
48,18,2
48,19,1
48,20,0
48,21,2
48,22,1
48,23,0
48,24,2
48,25,1
48,26,1
48,27,2
48,28,2
48,29,0
48,30,2
48,31,0
48,32,2
48,33,1
48,34,0
48,35,1
48,36,2
48,37,1
48,38,1
48,39,1
48,40,0
48,41,2
48,42,0
48,43,2
48,44,1
48,45,0
48,46,2
48,47,0
48,48,2
48,49,1
48,50,0
49,1,0
49,2,2
49,3,1
49,4,2
49,5,0
49,6,1
49,7,0
49,8,0
49,9,2
49,10,1
49,11,1
49,12,2
49,13,0
49,14,2
49,15,1
49,16,1
49,17,2
49,18,0
49,19,2
49,20,1
49,21,1
49,22,2
49,23,0
49,24,1
49,25,0
49,26,2
49,27,1
49,28,0
49,29,1
49,30,2
49,31,2
49,32,1
49,33,2
49,34,1
49,35,0
49,36,0
49,37,0
49,38,0
49,39,0
49,40,2
49,41,1
49,42,1
49,43,0
49,44,2
49,45,0
49,46,1
49,47,2
49,48,0
49,49,1
49,50,2
50,1,1
50,2,2
50,3,0
50,4,2
50,5,1
50,6,2
50,7,0
50,8,2
50,9,0
50,10,2
50,11,0
50,12,0
50,13,1
50,14,1
50,15,2
50,16,0
50,17,1
50,18,2
50,19,1
50,20,0
50,21,0
50,22,1
50,23,2
50,24,0
50,25,1
50,26,0
50,27,0
50,28,0
50,29,2
50,30,1
50,31,0
50,32,2
50,33,1
50,34,0
50,35,2
50,36,1
50,37,0
50,38,1
50,39,1
50,40,1
50,41,1
50,42,2
50,43,1
50,44,0
50,45,0
50,46,2
50,47,1
50,48,0
50,49,0
50,50,2
51,1,2
51,2,1
51,3,2
51,4,0
51,5,1
51,6,0
51,7,0
51,8,2
51,9,1
51,10,1
51,11,2
51,12,2
51,13,0
51,14,1
51,15,2
51,16,1
51,17,0
51,18,2
51,19,1
51,20,0
51,21,1
51,22,2
51,23,1
51,24,0
51,25,2
51,26,1
51,27,0
51,28,0
51,29,0
51,30,0
51,31,0
51,32,0
51,33,0
51,34,0
51,35,0
51,36,0
51,37,2
51,38,2
51,39,2
51,40,2
51,41,1
51,42,2
51,43,0
51,44,1
51,45,2
51,46,1
51,47,2
51,48,0
51,49,1
51,50,0
52,1,1
52,2,2
52,3,1
52,4,0
52,5,2
52,6,1
52,7,0
52,8,2
52,9,1
52,10,1
52,11,1
52,12,0
52,13,2
52,14,0
52,15,1
52,16,0
52,17,1
52,18,2
52,19,0
52,20,2
52,21,1
52,22,2
52,23,0
52,24,1
52,25,2
52,26,1
52,27,0
52,28,2
52,29,1
52,30,2
52,31,0
52,32,2
52,33,1
52,34,0
52,35,2
52,36,1
52,37,2
52,38,0
52,39,1
52,40,2
52,41,1
52,42,2
52,43,0
52,44,2
52,45,1
52,46,0
52,47,2
52,48,1
52,49,0
52,50,2
53,1,1
53,2,2
53,3,1
53,4,1
53,5,2
53,6,2
53,7,2
53,8,2
53,9,1
53,10,2
53,11,2
53,12,2
53,13,0
53,14,0
53,15,1
53,16,1
53,17,0
53,18,1
53,19,1
53,20,2
53,21,1
53,22,1
53,23,0
53,24,2
53,25,1
53,26,1
53,27,1
53,28,1
53,29,0
53,30,2
53,31,1
53,32,2
53,33,0
53,34,2
53,35,2
53,36,2
53,37,0
53,38,1
53,39,0
53,40,1
53,41,0
53,42,2
53,43,1
53,44,0
53,45,1
53,46,2
53,47,1
53,48,2
53,49,0
53,50,1
54,1,1
54,2,2
54,3,0
54,4,2
54,5,1
54,6,0
54,7,0
54,8,2
54,9,0
54,10,2
54,11,1
54,12,0
54,13,2
54,14,2
54,15,0
54,16,1
54,17,2
54,18,2
54,19,2
54,20,1
54,21,0
54,22,1
54,23,2
54,24,2
54,25,0
54,26,0
54,27,0
54,28,1
54,29,2
54,30,2
54,31,1
54,32,0
54,33,1
54,34,1
54,35,0
54,36,1
54,37,0
54,38,2
54,39,2
54,40,1
54,41,0
54,42,1
54,43,1
54,44,2
54,45,0
54,46,0
54,47,1
54,48,1
54,49,2
54,50,0
55,1,1
55,2,0
55,3,1
55,4,0
55,5,1
55,6,1
55,7,1
55,8,2
55,9,2
55,10,2
55,11,1
55,12,1
55,13,1
55,14,0
55,15,2
55,16,2
55,17,1
55,18,2
55,19,0
55,20,0
55,21,1
55,22,2
55,23,1
55,24,2
55,25,2
55,26,0
55,27,0
55,28,1
55,29,0
55,30,2
55,31,1
55,32,1
55,33,0
55,34,1
55,35,2
55,36,1
55,37,0
55,38,1
55,39,1
55,40,2
55,41,0
55,42,1
55,43,1
55,44,0
55,45,2
55,46,0
55,47,1
55,48,0
55,49,2
55,50,2
56,1,0
56,2,2
56,3,1
56,4,2
56,5,0
56,6,1
56,7,0
56,8,2
56,9,1
56,10,2
56,11,0
56,12,1
56,13,0
56,14,2
56,15,2
56,16,1
56,17,0
56,18,0
56,19,1
56,20,1
56,21,2
56,22,2
56,23,0
56,24,1
56,25,0
56,26,2
56,27,1
56,28,0
56,29,1
56,30,2
56,31,0
56,32,2
56,33,1
56,34,2
56,35,0
56,36,0
56,37,1
56,38,2
56,39,0
56,40,1
56,41,0
56,42,1
56,43,0
56,44,2
56,45,0
56,46,1
56,47,2
56,48,0
56,49,2
56,50,1
57,1,1
57,2,2
57,3,0
57,4,0
57,5,0
57,6,1
57,7,0
57,8,2
57,9,2
57,10,0
57,11,1
57,12,2
57,13,1
57,14,2
57,15,2
57,16,0
57,17,1
57,18,1
57,19,0
57,20,2
57,21,0
57,22,1
57,23,2
57,24,0
57,25,2
57,26,1
57,27,2
57,28,2
57,29,1
57,30,1
57,31,2
57,32,0
57,33,0
57,34,2
57,35,2
57,36,0
57,37,0
57,38,2
57,39,0
57,40,2
57,41,1
57,42,0
57,43,1
57,44,0
57,45,1
57,46,2
57,47,0
57,48,1
57,49,2
57,50,0
58,1,1
58,2,0
58,3,2
58,4,2
58,5,1
58,6,0
58,7,2
58,8,2
58,9,1
58,10,0
58,11,2
58,12,1
58,13,1
58,14,2
58,15,0
58,16,1
58,17,2
58,18,2
58,19,1
58,20,2
58,21,0
58,22,1
58,23,2
58,24,0
58,25,1
58,26,0
58,27,1
58,28,1
58,29,1
58,30,0
58,31,2
58,32,1
58,33,0
58,34,2
58,35,2
58,36,2
58,37,1
58,38,0
58,39,1
58,40,0
58,41,2
58,42,0
58,43,1
58,44,0
58,45,1
58,46,2
58,47,1
58,48,2
58,49,1
58,50,0
59,1,1
59,2,1
59,3,0
59,4,0
59,5,1
59,6,2
59,7,1
59,8,2
59,9,0
59,10,2
59,11,2
59,12,1
59,13,2
59,14,0
59,15,1
59,16,1
59,17,0
59,18,0
59,19,2
59,20,2
59,21,0
59,22,0
59,23,2
59,24,0
59,25,1
59,26,0
59,27,1
59,28,2
59,29,0
59,30,1
59,31,1
59,32,2
59,33,2
59,34,0
59,35,2
59,36,1
59,37,2
59,38,2
59,39,0
59,40,2
59,41,0
59,42,1
59,43,1
59,44,2
59,45,0
59,46,0
59,47,1
59,48,1
59,49,0
59,50,2
60,1,2
60,2,2
60,3,2
60,4,2
60,5,2
60,6,0
60,7,1
60,8,0
60,9,2
60,10,2
60,11,2
60,12,0
60,13,0
60,14,2
60,15,2
60,16,1
60,17,2
60,18,0
60,19,0
60,20,0
60,21,2
60,22,2
60,23,0
60,24,2
60,25,0
60,26,0
60,27,2
60,28,1
60,29,2
60,30,1
60,31,1
60,32,0
60,33,0
60,34,0
60,35,1
60,36,1
60,37,2
60,38,2
60,39,0
60,40,0
60,41,1
60,42,2
60,43,2
60,44,2
60,45,0
60,46,0
60,47,0
60,48,2
60,49,1
60,50,1
61,1,2
61,2,2
61,3,0
61,4,1
61,5,0
61,6,1
61,7,2
61,8,2
61,9,1
61,10,2
61,11,0
61,12,0
61,13,1
61,14,0
61,15,2
61,16,2
61,17,2
61,18,0
61,19,2
61,20,2
61,21,2
61,22,1
61,23,2
61,24,0
61,25,2
61,26,1
61,27,2
61,28,0
61,29,0
61,30,0
61,31,1
61,32,0
61,33,0
61,34,2
61,35,1
61,36,2
61,37,0
61,38,1
61,39,2
61,40,0
61,41,0
61,42,1
61,43,0
61,44,2
61,45,1
61,46,1
61,47,0
61,48,0
61,49,1
61,50,0
62,1,2
62,2,2
62,3,1
62,4,1
62,5,1
62,6,2
62,7,2
62,8,1
62,9,1
62,10,0
62,11,0
62,12,2
62,13,2
62,14,1
62,15,0
62,16,1
62,17,0
62,18,0
62,19,0
62,20,0
62,21,0
62,22,2
62,23,1
62,24,1
62,25,0
62,26,0
62,27,2
62,28,2
62,29,2
62,30,0
62,31,0
62,32,2
62,33,1
62,34,2
62,35,2
62,36,0
62,37,0
62,38,0
62,39,0
62,40,1
62,41,0
62,42,1
62,43,0
62,44,0
62,45,1
62,46,0
62,47,0
62,48,2
62,49,2
62,50,2
63,1,0
63,2,1
63,3,0
63,4,1
63,5,2
63,6,2
63,7,1
63,8,2
63,9,2
63,10,0
63,11,1
63,12,0
63,13,1
63,14,2
63,15,2
63,16,2
63,17,1
63,18,0
63,19,0
63,20,0
63,21,2
63,22,2
63,23,1
63,24,1
63,25,1
63,26,1
63,27,1
63,28,0
63,29,2
63,30,1
63,31,1
63,32,0
63,33,0
63,34,2
63,35,1
63,36,0
63,37,0
63,38,0
63,39,1
63,40,2
63,41,0
63,42,1
63,43,1
63,44,2
63,45,1
63,46,2
63,47,2
63,48,1
63,49,0
63,50,0
64,1,0
64,2,2
64,3,1
64,4,1
64,5,2
64,6,2
64,7,0
64,8,0
64,9,0
64,10,2
64,11,1
64,12,0
64,13,1
64,14,1
64,15,1
64,16,1
64,17,0
64,18,1
64,19,2
64,20,0
64,21,2
64,22,0
64,23,1
64,24,0
64,25,0
64,26,1
64,27,1
64,28,0
64,29,2
64,30,2
64,31,2
64,32,2
64,33,1
64,34,0
64,35,1
64,36,2
64,37,0
64,38,1
64,39,1
64,40,0
64,41,2
64,42,0
64,43,1
64,44,1
64,45,1
64,46,1
64,47,2
64,48,2
64,49,2
64,50,0
65,1,1
65,2,1
65,3,2
65,4,0
65,5,0
65,6,1
65,7,1
65,8,2
65,9,1
65,10,2
65,11,2
65,12,1
65,13,0
65,14,0
65,15,2
65,16,1
65,17,1
65,18,2
65,19,2
65,20,1
65,21,2
65,22,1
65,23,0
65,24,1
65,25,2
65,26,1
65,27,2
65,28,2
65,29,1
65,30,0
65,31,1
65,32,2
65,33,0
65,34,2
65,35,0
65,36,1
65,37,2
65,38,2
65,39,1
65,40,2
65,41,2
65,42,0
65,43,1
65,44,2
65,45,1
65,46,0
65,47,1
65,48,2
65,49,1
65,50,1
66,1,0
66,2,0
66,3,1
66,4,2
66,5,1
66,6,0
66,7,0
66,8,1
66,9,2
66,10,2
66,11,2
66,12,2
66,13,2
66,14,1
66,15,1
66,16,0
66,17,1
66,18,1
66,19,2
66,20,2
66,21,2
66,22,1
66,23,2
66,24,0
66,25,0
66,26,1
66,27,0
66,28,0
66,29,2
66,30,2
66,31,1
66,32,2
66,33,0
66,34,0
66,35,1
66,36,0
66,37,0
66,38,0
66,39,0
66,40,0
66,41,1
66,42,0
66,43,2
66,44,2
66,45,1
66,46,1
66,47,1
66,48,1
66,49,0
66,50,2
67,1,1
67,2,0
67,3,1
67,4,2
67,5,1
67,6,1
67,7,2
67,8,0
67,9,1
67,10,2
67,11,1
67,12,1
67,13,0
67,14,2
67,15,2
67,16,2
67,17,0
67,18,1
67,19,1
67,20,2
67,21,1
67,22,2
67,23,1
67,24,0
67,25,1
67,26,2
67,27,0
67,28,1
67,29,0
67,30,0
67,31,2
67,32,1
67,33,1
67,34,2
67,35,2
67,36,2
67,37,0
67,38,1
67,39,2
67,40,2
67,41,0
67,42,0
67,43,0
67,44,1
67,45,0
67,46,1
67,47,2
67,48,1
67,49,0
67,50,2
68,1,1
68,2,0
68,3,2
68,4,0
68,5,2
68,6,1
68,7,0
68,8,2
68,9,1
68,10,0
68,11,1
68,12,2
68,13,0
68,14,2
68,15,0
68,16,1
68,17,2
68,18,2
68,19,0
68,20,2
68,21,1
68,22,1
68,23,2
68,24,2
68,25,2
68,26,1
68,27,2
68,28,1
68,29,0
68,30,0
68,31,2
68,32,1
68,33,1
68,34,0
68,35,0
68,36,2
68,37,1
68,38,0
68,39,0
68,40,0
68,41,1
68,42,1
68,43,1
68,44,0
68,45,0
68,46,1
68,47,1
68,48,0
68,49,0
68,50,1
69,1,0
69,2,0
69,3,0
69,4,0
69,5,0
69,6,0
69,7,0
69,8,1
69,9,1
69,10,0
69,11,0
69,12,0
69,13,0
69,14,0
69,15,1
69,16,1
69,17,1
69,18,0
69,19,0
69,20,1
69,21,1
69,22,2
69,23,2
69,24,1
69,25,1
69,26,0
69,27,0
69,28,1
69,29,0
69,30,1
69,31,2
69,32,0
69,33,0
69,34,1
69,35,1
69,36,1
69,37,0
69,38,2
69,39,1
69,40,0
69,41,1
69,42,0
69,43,2
69,44,0
69,45,0
69,46,1
69,47,0
69,48,2
69,49,1
69,50,0
70,1,1
70,2,0
70,3,1
70,4,2
70,5,1
70,6,2
70,7,1
70,8,0
70,9,2
70,10,1
70,11,1
70,12,2
70,13,2
70,14,0
70,15,2
70,16,1
70,17,0
70,18,2
70,19,1
70,20,2
70,21,1
70,22,2
70,23,0
70,24,2
70,25,1
70,26,0
70,27,2
70,28,1
70,29,1
70,30,1
70,31,0
70,32,0
70,33,2
70,34,1
70,35,0
70,36,2
70,37,1
70,38,0
70,39,2
70,40,2
70,41,2
70,42,0
70,43,2
70,44,2
70,45,1
70,46,0
70,47,2
70,48,1
70,49,0
70,50,2
71,1,0
71,2,0
71,3,2
71,4,2
71,5,1
71,6,2
71,7,0
71,8,2
71,9,1
71,10,2
71,11,0
71,12,0
71,13,1
71,14,2
71,15,1
71,16,1
71,17,2
71,18,0
71,19,2
71,20,1
71,21,0
71,22,2
71,23,2
71,24,1
71,25,0
71,26,2
71,27,1
71,28,2
71,29,1
71,30,0
71,31,2
71,32,2
71,33,0
71,34,1
71,35,0
71,36,0
71,37,2
71,38,1
71,39,2
71,40,1
71,41,0
71,42,0
71,43,2
71,44,1
71,45,2
71,46,2
71,47,1
71,48,0
71,49,2
71,50,2
72,1,1
72,2,0
72,3,2
72,4,1
72,5,2
72,6,0
72,7,1
72,8,2
72,9,1
72,10,0
72,11,1
72,12,2
72,13,1
72,14,1
72,15,1
72,16,1
72,17,1
72,18,1
72,19,0
72,20,0
72,21,2
72,22,2
72,23,1
72,24,0
72,25,1
72,26,2
72,27,1
72,28,0
72,29,1
72,30,2
72,31,1
72,32,0
72,33,1
72,34,2
72,35,2
72,36,1
72,37,0
72,38,1
72,39,2
72,40,2
72,41,1
72,42,0
72,43,0
72,44,1
72,45,2
72,46,2
72,47,1
72,48,0
72,49,1
72,50,2
73,1,2
73,2,2
73,3,2
73,4,2
73,5,2
73,6,2
73,7,2
73,8,2
73,9,2
73,10,2
73,11,2
73,12,2
73,13,1
73,14,0
73,15,1
73,16,2
73,17,0
73,18,1
73,19,2
73,20,1
73,21,0
73,22,1
73,23,2
73,24,1
73,25,1
73,26,1
73,27,2
73,28,1
73,29,0
73,30,1
73,31,1
73,32,2
73,33,1
73,34,1
73,35,2
73,36,1
73,37,2
73,38,1
73,39,2
73,40,1
73,41,0
73,42,1
73,43,2
73,44,2
73,45,1
73,46,0
73,47,1
73,48,2
73,49,2
73,50,1
74,1,1
74,2,2
74,3,2
74,4,1
74,5,0
74,6,2
74,7,2
74,8,1
74,9,0
74,10,1
74,11,2
74,12,1
74,13,2
74,14,2
74,15,0
74,16,1
74,17,2
74,18,0
74,19,1
74,20,2
74,21,1
74,22,1
74,23,1
74,24,0
74,25,2
74,26,1
74,27,0
74,28,1
74,29,2
74,30,1
74,31,0
74,32,1
74,33,1
74,34,0
74,35,1
74,36,1
74,37,2
74,38,0
74,39,1
74,40,2
74,41,1
74,42,0
74,43,1
74,44,1
74,45,1
74,46,1
74,47,1
74,48,0
74,49,0
74,50,0
75,1,1
75,2,1
75,3,2
75,4,1
75,5,1
75,6,2
75,7,1
75,8,1
75,9,1
75,10,2
75,11,2
75,12,1
75,13,0
75,14,0
75,15,0
75,16,1
75,17,1
75,18,1
75,19,2
75,20,1
75,21,1
75,22,2
75,23,1
75,24,2
75,25,2
75,26,1
75,27,2
75,28,1
75,29,0
75,30,0
75,31,1
75,32,1
75,33,2
75,34,1
75,35,1
75,36,2
75,37,1
75,38,0
75,39,0
75,40,1
75,41,1
75,42,2
75,43,1
75,44,1
75,45,2
75,46,2
75,47,2
75,48,1
75,49,2
75,50,2
76,1,2
76,2,2
76,3,2
76,4,2
76,5,2
76,6,2
76,7,1
76,8,0
76,9,2
76,10,1
76,11,2
76,12,2
76,13,1
76,14,2
76,15,1
76,16,2
76,17,2
76,18,2
76,19,2
76,20,2
76,21,2
76,22,2
76,23,2
76,24,2
76,25,2
76,26,1
76,27,1
76,28,1
76,29,2
76,30,2
76,31,2
76,32,2
76,33,0
76,34,2
76,35,1
76,36,2
76,37,2
76,38,1
76,39,0
76,40,2
76,41,2
76,42,1
76,43,2
76,44,1
76,45,0
76,46,1
76,47,2
76,48,2
76,49,1
76,50,2
77,1,1
77,2,0
77,3,1
77,4,2
77,5,2
77,6,2
77,7,1
77,8,0
77,9,1
77,10,2
77,11,1
77,12,2
77,13,2
77,14,0
77,15,1
77,16,2
77,17,1
77,18,0
77,19,0
77,20,1
77,21,2
77,22,1
77,23,0
77,24,1
77,25,2
77,26,1
77,27,1
77,28,0
77,29,1
77,30,2
77,31,1
77,32,0
77,33,1
77,34,2
77,35,1
77,36,0
77,37,1
77,38,2
77,39,1
77,40,2
77,41,2
77,42,2
77,43,1
77,44,0
77,45,1
77,46,2
77,47,1
77,48,0
77,49,2
77,50,2
78,1,1
78,2,1
78,3,2
78,4,0
78,5,0
78,6,2
78,7,2
78,8,2
78,9,1
78,10,1
78,11,2
78,12,0
78,13,0
78,14,2
78,15,2
78,16,2
78,17,2
78,18,1
78,19,1
78,20,1
78,21,1
78,22,2
78,23,0
78,24,0
78,25,0
78,26,1
78,27,2
78,28,2
78,29,0
78,30,0
78,31,2
78,32,2
78,33,1
78,34,1
78,35,1
78,36,1
78,37,0
78,38,2
78,39,0
78,40,0
78,41,2
78,42,2
78,43,1
78,44,1
78,45,2
78,46,0
78,47,0
78,48,2
78,49,1
78,50,2
79,1,1
79,2,2
79,3,2
79,4,1
79,5,2
79,6,0
79,7,0
79,8,2
79,9,2
79,10,0
79,11,1
79,12,0
79,13,2
79,14,0
79,15,0
79,16,1
79,17,1
79,18,1
79,19,2
79,20,0
79,21,0
79,22,1
79,23,2
79,24,2
79,25,1
79,26,0
79,27,0
79,28,2
79,29,1
79,30,0
79,31,2
79,32,2
79,33,1
79,34,0
79,35,2
79,36,2
79,37,0
79,38,1
79,39,2
79,40,0
79,41,1
79,42,1
79,43,2
79,44,0
79,45,0
79,46,2
79,47,1
79,48,2
79,49,2
79,50,2
80,1,0
80,2,1
80,3,2
80,4,1
80,5,1
80,6,0
80,7,1
80,8,2
80,9,1
80,10,0
80,11,2
80,12,1
80,13,2
80,14,2
80,15,0
80,16,0
80,17,1
80,18,0
80,19,2
80,20,2
80,21,1
80,22,0
80,23,1
80,24,2
80,25,0
80,26,0
80,27,1
80,28,1
80,29,0
80,30,0
80,31,2
80,32,2
80,33,1
80,34,0
80,35,1
80,36,2
80,37,2
80,38,1
80,39,1
80,40,2
80,41,2
80,42,0
80,43,0
80,44,1
80,45,0
80,46,1
80,47,2
80,48,2
80,49,2
80,50,1
81,1,1
81,2,0
81,3,1
81,4,2
81,5,0
81,6,1
81,7,2
81,8,0
81,9,0
81,10,1
81,11,2
81,12,1
81,13,1
81,14,2
81,15,1
81,16,0
81,17,1
81,18,2
81,19,0
81,20,1
81,21,1
81,22,0
81,23,2
81,24,1
81,25,0
81,26,2
81,27,2
81,28,1
81,29,0
81,30,2
81,31,2
81,32,2
81,33,1
81,34,1
81,35,2
81,36,0
81,37,1
81,38,0
81,39,2
81,40,1
81,41,0
81,42,1
81,43,1
81,44,2
81,45,1
81,46,0
81,47,1
81,48,1
81,49,0
81,50,2
82,1,2
82,2,0
82,3,2
82,4,2
82,5,1
82,6,0
82,7,1
82,8,2
82,9,0
82,10,0
82,11,2
82,12,1
82,13,2
82,14,1
82,15,0
82,16,0
82,17,0
82,18,1
82,19,2
82,20,1
82,21,1
82,22,1
82,23,2
82,24,0
82,25,2
82,26,2
82,27,0
82,28,1
82,29,2
82,30,0
82,31,2
82,32,0
82,33,0
82,34,1
82,35,1
82,36,1
82,37,2
82,38,2
82,39,1
82,40,2
82,41,1
82,42,2
82,43,0
82,44,0
82,45,2
82,46,1
82,47,2
82,48,0
82,49,1
82,50,2
83,1,1
83,2,0
83,3,2
83,4,1
83,5,1
83,6,1
83,7,0
83,8,1
83,9,1
83,10,2
83,11,1
83,12,0
83,13,2
83,14,2
83,15,1
83,16,1
83,17,0
83,18,1
83,19,2
83,20,1
83,21,2
83,22,1
83,23,1
83,24,1
83,25,1
83,26,0
83,27,2
83,28,1
83,29,1
83,30,0
83,31,1
83,32,2
83,33,2
83,34,2
83,35,2
83,36,2
83,37,2
83,38,1
83,39,1
83,40,0
83,41,0
83,42,1
83,43,1
83,44,2
83,45,1
83,46,0
83,47,1
83,48,2
83,49,1
83,50,1
84,1,1
84,2,2
84,3,2
84,4,1
84,5,0
84,6,1
84,7,2
84,8,0
84,9,1
84,10,1
84,11,2
84,12,2
84,13,1
84,14,0
84,15,1
84,16,2
84,17,1
84,18,2
84,19,0
84,20,1
84,21,0
84,22,0
84,23,0
84,24,0
84,25,2
84,26,2
84,27,2
84,28,2
84,29,2
84,30,1
84,31,2
84,32,0
84,33,1
84,34,2
84,35,2
84,36,1
84,37,1
84,38,2
84,39,0
84,40,1
84,41,1
84,42,0
84,43,2
84,44,1
84,45,2
84,46,0
84,47,0
84,48,1
84,49,0
84,50,2
85,1,2
85,2,1
85,3,0
85,4,1
85,5,1
85,6,2
85,7,2
85,8,0
85,9,0
85,10,1
85,11,2
85,12,2
85,13,0
85,14,1
85,15,2
85,16,2
85,17,1
85,18,2
85,19,1
85,20,0
85,21,1
85,22,2
85,23,0
85,24,2
85,25,1
85,26,0
85,27,2
85,28,0
85,29,1
85,30,2
85,31,2
85,32,1
85,33,2
85,34,2
85,35,2
85,36,2
85,37,2
85,38,2
85,39,2
85,40,1
85,41,1
85,42,1
85,43,1
85,44,1
85,45,1
85,46,1
85,47,1
85,48,1
85,49,1
85,50,1
86,1,1
86,2,0
86,3,1
86,4,2
86,5,2
86,6,1
86,7,0
86,8,0
86,9,0
86,10,1
86,11,2
86,12,2
86,13,1
86,14,0
86,15,2
86,16,2
86,17,2
86,18,2
86,19,0
86,20,1
86,21,1
86,22,2
86,23,2
86,24,0
86,25,0
86,26,1
86,27,2
86,28,2
86,29,1
86,30,0
86,31,2
86,32,1
86,33,2
86,34,0
86,35,0
86,36,0
86,37,2
86,38,1
86,39,0
86,40,2
86,41,2
86,42,2
86,43,0
86,44,0
86,45,0
86,46,1
86,47,2
86,48,0
86,49,1
86,50,0
87,1,1
87,2,2
87,3,1
87,4,0
87,5,1
87,6,1
87,7,2
87,8,1
87,9,2
87,10,0
87,11,1
87,12,2
87,13,0
87,14,1
87,15,2
87,16,0
87,17,1
87,18,0
87,19,2
87,20,1
87,21,2
87,22,0
87,23,1
87,24,1
87,25,1
87,26,0
87,27,2
87,28,0
87,29,1
87,30,2
87,31,2
87,32,1
87,33,2
87,34,0
87,35,1
87,36,2
87,37,0
87,38,1
87,39,2
87,40,0
87,41,1
87,42,0
87,43,1
87,44,0
87,45,2
87,46,1
87,47,0
87,48,1
87,49,2
87,50,0
88,1,0
88,2,1
88,3,2
88,4,0
88,5,1
88,6,0
88,7,2
88,8,0
88,9,1
88,10,2
88,11,1
88,12,0
88,13,1
88,14,2
88,15,0
88,16,1
88,17,2
88,18,1
88,19,2
88,20,0
88,21,1
88,22,0
88,23,1
88,24,0
88,25,2
88,26,1
88,27,0
88,28,0
88,29,0
88,30,2
88,31,2
88,32,2
88,33,1
88,34,0
88,35,0
88,36,0
88,37,0
88,38,1
88,39,1
88,40,0
88,41,0
88,42,2
88,43,2
88,44,2
88,45,1
88,46,0
88,47,1
88,48,0
88,49,0
88,50,0
89,1,2
89,2,1
89,3,0
89,4,2
89,5,1
89,6,0
89,7,1
89,8,1
89,9,0
89,10,2
89,11,0
89,12,1
89,13,2
89,14,1
89,15,0
89,16,1
89,17,1
89,18,0
89,19,1
89,20,2
89,21,1
89,22,2
89,23,1
89,24,0
89,25,1
89,26,0
89,27,1
89,28,1
89,29,2
89,30,0
89,31,0
89,32,1
89,33,2
89,34,1
89,35,0
89,36,1
89,37,1
89,38,2
89,39,0
89,40,1
89,41,2
89,42,1
89,43,1
89,44,0
89,45,0
89,46,2
89,47,1
89,48,2
89,49,1
89,50,2
90,1,0
90,2,1
90,3,0
90,4,2
90,5,1
90,6,2
90,7,0
90,8,1
90,9,2
90,10,1
90,11,0
90,12,1
90,13,2
90,14,1
90,15,0
90,16,1
90,17,2
90,18,1
90,19,0
90,20,1
90,21,1
90,22,1
90,23,2
90,24,1
90,25,1
90,26,0
90,27,0
90,28,1
90,29,2
90,30,1
90,31,0
90,32,1
90,33,1
90,34,1
90,35,0
90,36,0
90,37,1
90,38,2
90,39,1
90,40,2
90,41,2
90,42,2
90,43,1
90,44,0
90,45,1
90,46,2
90,47,1
90,48,0
90,49,1
90,50,2
91,1,0
91,2,1
91,3,0
91,4,2
91,5,1
91,6,0
91,7,0
91,8,0
91,9,0
91,10,0
91,11,0
91,12,0
91,13,0
91,14,0
91,15,0
91,16,0
91,17,0
91,18,0
91,19,0
91,20,0
91,21,0
91,22,1
91,23,2
91,24,0
91,25,2
91,26,1
91,27,0
91,28,2
91,29,0
91,30,1
91,31,2
91,32,0
91,33,2
91,34,1
91,35,0
91,36,0
91,37,0
91,38,0
91,39,0
91,40,2
91,41,0
91,42,2
91,43,1
91,44,1
91,45,2
91,46,0
91,47,1
91,48,0
91,49,2
91,50,0
92,1,0
92,2,2
92,3,1
92,4,0
92,5,2
92,6,1
92,7,2
92,8,1
92,9,2
92,10,1
92,11,0
92,12,1
92,13,2
92,14,1
92,15,0
92,16,2
92,17,1
92,18,2
92,19,1
92,20,0
92,21,2
92,22,0
92,23,2
92,24,1
92,25,2
92,26,1
92,27,0
92,28,2
92,29,1
92,30,2
92,31,0
92,32,1
92,33,1
92,34,2
92,35,2
92,36,1
92,37,0
92,38,2
92,39,1
92,40,0
92,41,2
92,42,1
92,43,2
92,44,1
92,45,0
92,46,2
92,47,1
92,48,2
92,49,0
92,50,1
93,1,0
93,2,0
93,3,1
93,4,2
93,5,1
93,6,2
93,7,0
93,8,1
93,9,1
93,10,2
93,11,2
93,12,2
93,13,0
93,14,1
93,15,0
93,16,2
93,17,1
93,18,2
93,19,0
93,20,1
93,21,2
93,22,1
93,23,2
93,24,0
93,25,1
93,26,0
93,27,1
93,28,0
93,29,1
93,30,2
93,31,2
93,32,1
93,33,2
93,34,1
93,35,0
93,36,2
93,37,1
93,38,0
93,39,1
93,40,2
93,41,1
93,42,2
93,43,0
93,44,1
93,45,2
93,46,2
93,47,1
93,48,1
93,49,1
93,50,1
94,1,2
94,2,1
94,3,0
94,4,1
94,5,2
94,6,1
94,7,0
94,8,2
94,9,1
94,10,0
94,11,1
94,12,0
94,13,2
94,14,1
94,15,1
94,16,0
94,17,2
94,18,1
94,19,2
94,20,0
94,21,1
94,22,0
94,23,1
94,24,0
94,25,1
94,26,2
94,27,2
94,28,1
94,29,0
94,30,1
94,31,0
94,32,2
94,33,2
94,34,1
94,35,0
94,36,0
94,37,1
94,38,2
94,39,1
94,40,0
94,41,2
94,42,1
94,43,1
94,44,0
94,45,0
94,46,2
94,47,1
94,48,2
94,49,0
94,50,1
95,1,0
95,2,1
95,3,2
95,4,1
95,5,0
95,6,1
95,7,2
95,8,0
95,9,2
95,10,2
95,11,1
95,12,0
95,13,1
95,14,1
95,15,1
95,16,0
95,17,2
95,18,0
95,19,0
95,20,1
95,21,1
95,22,1
95,23,2
95,24,0
95,25,2
95,26,1
95,27,2
95,28,0
95,29,2
95,30,0
95,31,1
95,32,1
95,33,2
95,34,0
95,35,0
95,36,0
95,37,1
95,38,2
95,39,1
95,40,1
95,41,0
95,42,2
95,43,2
95,44,1
95,45,0
95,46,2
95,47,2
95,48,0
95,49,1
95,50,2
96,1,0
96,2,2
96,3,2
96,4,0
96,5,1
96,6,1
96,7,0
96,8,2
96,9,0
96,10,1
96,11,1
96,12,0
96,13,2
96,14,2
96,15,1
96,16,2
96,17,2
96,18,0
96,19,1
96,20,1
96,21,0
96,22,1
96,23,0
96,24,2
96,25,2
96,26,2
96,27,1
96,28,1
96,29,1
96,30,0
96,31,0
96,32,2
96,33,0
96,34,1
96,35,0
96,36,2
96,37,0
96,38,0
96,39,1
96,40,0
96,41,2
96,42,0
96,43,1
96,44,2
96,45,1
96,46,0
96,47,0
96,48,1
96,49,0
96,50,2
97,1,1
97,2,2
97,3,0
97,4,1
97,5,2
97,6,0
97,7,1
97,8,2
97,9,2
97,10,0
97,11,1
97,12,2
97,13,0
97,14,1
97,15,2
97,16,0
97,17,1
97,18,2
97,19,0
97,20,1
97,21,2
97,22,0
97,23,1
97,24,2
97,25,0
97,26,1
97,27,2
97,28,0
97,29,1
97,30,2
97,31,0
97,32,1
97,33,2
97,34,0
97,35,1
97,36,2
97,37,0
97,38,2
97,39,1
97,40,0
97,41,1
97,42,2
97,43,1
97,44,0
97,45,1
97,46,2
97,47,1
97,48,0
97,49,1
97,50,2
98,1,0
98,2,2
98,3,1
98,4,2
98,5,0
98,6,2
98,7,1
98,8,0
98,9,2
98,10,1
98,11,1
98,12,2
98,13,0
98,14,1
98,15,2
98,16,0
98,17,0
98,18,1
98,19,2
98,20,1
98,21,2
98,22,1
98,23,0
98,24,2
98,25,1
98,26,1
98,27,1
98,28,1
98,29,2
98,30,0
98,31,1
98,32,2
98,33,1
98,34,0
98,35,2
98,36,1
98,37,0
98,38,1
98,39,2
98,40,1
98,41,2
98,42,1
98,43,0
98,44,1
98,45,0
98,46,1
98,47,2
98,48,2
98,49,0
98,50,1
99,1,0
99,2,0
99,3,0
99,4,1
99,5,1
99,6,2
99,7,2
99,8,1
99,9,1
99,10,2
99,11,2
99,12,2
99,13,2
99,14,1
99,15,0
99,16,2
99,17,0
99,18,2
99,19,0
99,20,1
99,21,1
99,22,0
99,23,1
99,24,1
99,25,2
99,26,0
99,27,1
99,28,0
99,29,1
99,30,0
99,31,1
99,32,1
99,33,0
99,34,0
99,35,2
99,36,1
99,37,2
99,38,1
99,39,2
99,40,1
99,41,2
99,42,1
99,43,2
99,44,1
99,45,0
99,46,1
99,47,0
99,48,1
99,49,2
99,50,0
100,1,1
100,2,2
100,3,1
100,4,0
100,5,2
100,6,2
100,7,1
100,8,1
100,9,1
100,10,2
100,11,1
100,12,1
100,13,2
100,14,0
100,15,1
100,16,2
100,17,0
100,18,1
100,19,2
100,20,1
100,21,1
100,22,2
100,23,0
100,24,1
100,25,2
100,26,0
100,27,0
100,28,1
100,29,0
100,30,1
100,31,2
100,32,1
100,33,0
100,34,2
100,35,1
100,36,1
100,37,1
100,38,0
100,39,1
100,40,2
100,41,1
100,42,1
100,43,0
100,44,1
100,45,2
100,46,1
100,47,0
100,48,1
100,49,2
100,50,2
101,1,0
101,2,1
101,3,0
101,4,2
101,5,1
101,6,0
101,7,1
101,8,0
101,9,1
101,10,1
101,11,1
101,12,1
101,13,1
101,14,1
101,15,0
101,16,2
101,17,2
101,18,1
101,19,0
101,20,1
101,21,2
101,22,1
101,23,2
101,24,0
101,25,1
101,26,2
101,27,0
101,28,1
101,29,1
101,30,2
101,31,2
101,32,1
101,33,1
101,34,0
101,35,1
101,36,2
101,37,1
101,38,1
101,39,0
101,40,1
101,41,2
101,42,0
101,43,1
101,44,2
101,45,0
101,46,1
101,47,2
101,48,1
101,49,2
101,50,1
102,1,0
102,2,1
102,3,2
102,4,1
102,5,1
102,6,1
102,7,0
102,8,1
102,9,1
102,10,0
102,11,1
102,12,2
102,13,1
102,14,0
102,15,1
102,16,2
102,17,1
102,18,0
102,19,1
102,20,2
102,21,1
102,22,2
102,23,1
102,24,2
102,25,1
102,26,2
102,27,0
102,28,1
102,29,2
102,30,1
102,31,0
102,32,1
102,33,2
102,34,1
102,35,0
102,36,1
102,37,2
102,38,1
102,39,0
102,40,1
102,41,2
102,42,1
102,43,0
102,44,1
102,45,2
102,46,1
102,47,0
102,48,1
102,49,2
102,50,1
103,1,2
103,2,1
103,3,0
103,4,0
103,5,1
103,6,0
103,7,2
103,8,2
103,9,0
103,10,1
103,11,2
103,12,1
103,13,2
103,14,0
103,15,0
103,16,2
103,17,1
103,18,2
103,19,0
103,20,1
103,21,2
103,22,0
103,23,1
103,24,1
103,25,0
103,26,2
103,27,1
103,28,1
103,29,0
103,30,2
103,31,2
103,32,2
103,33,0
103,34,0
103,35,2
103,36,1
103,37,1
103,38,1
103,39,2
103,40,2
103,41,0
103,42,0
103,43,2
103,44,1
103,45,2
103,46,0
103,47,0
103,48,2
103,49,0
103,50,1
104,1,0
104,2,1
104,3,2
104,4,1
104,5,1
104,6,1
104,7,0
104,8,1
104,9,2
104,10,0
104,11,0
104,12,2
104,13,1
104,14,2
104,15,2
104,16,2
104,17,0
104,18,0
104,19,1
104,20,2
104,21,1
104,22,0
104,23,0
104,24,1
104,25,2
104,26,0
104,27,2
104,28,1
104,29,0
104,30,2
104,31,1
104,32,0
104,33,2
104,34,1
104,35,2
104,36,1
104,37,2
104,38,0
104,39,2
104,40,1
104,41,0
104,42,1
104,43,0
104,44,2
104,45,2
104,46,1
104,47,0
104,48,2
104,49,1
104,50,0
105,1,0
105,2,0
105,3,0
105,4,1
105,5,2
105,6,2
105,7,1
105,8,2
105,9,0
105,10,1
105,11,2
105,12,1
105,13,0
105,14,2
105,15,1
105,16,0
105,17,1
105,18,2
105,19,1
105,20,0
105,21,1
105,22,2
105,23,0
105,24,1
105,25,2
105,26,0
105,27,1
105,28,0
105,29,0
105,30,1
105,31,0
105,32,2
105,33,2
105,34,2
105,35,2
105,36,1
105,37,1
105,38,0
105,39,2
105,40,1
105,41,0
105,42,1
105,43,2
105,44,1
105,45,0
105,46,2
105,47,1
105,48,0
105,49,2
105,50,1
106,1,0
106,2,1
106,3,0
106,4,1
106,5,2
106,6,0
106,7,2
106,8,0
106,9,1
106,10,0
106,11,2
106,12,1
106,13,0
106,14,2
106,15,0
106,16,0
106,17,1
106,18,2
106,19,1
106,20,0
106,21,2
106,22,1
106,23,2
106,24,1
106,25,0
106,26,1
106,27,2
106,28,0
106,29,1
106,30,1
106,31,2
106,32,1
106,33,2
106,34,2
106,35,0
106,36,1
106,37,2
106,38,2
106,39,1
106,40,0
106,41,2
106,42,0
106,43,1
106,44,2
106,45,2
106,46,1
106,47,0
106,48,0
106,49,1
106,50,2
107,1,0
107,2,1
107,3,0
107,4,0
107,5,2
107,6,1
107,7,0
107,8,1
107,9,0
107,10,0
107,11,2
107,12,1
107,13,2
107,14,1
107,15,0
107,16,0
107,17,0
107,18,1
107,19,0
107,20,0
107,21,2
107,22,1
107,23,0
107,24,1
107,25,0
107,26,1
107,27,2
107,28,2
107,29,1
107,30,2
107,31,0
107,32,1
107,33,2
107,34,2
107,35,2
107,36,1
107,37,1
107,38,2
107,39,2
107,40,1
107,41,2
107,42,1
107,43,2
107,44,1
107,45,2
107,46,1
107,47,0
107,48,0
107,49,1
107,50,0
108,1,2
108,2,2
108,3,2
108,4,1
108,5,1
108,6,1
108,7,2
108,8,0
108,9,0
108,10,1
108,11,1
108,12,2
108,13,0
108,14,0
108,15,0
108,16,1
108,17,1
108,18,2
108,19,2
108,20,2
108,21,1
108,22,0
108,23,2
108,24,1
108,25,0
108,26,2
108,27,1
108,28,0
108,29,2
108,30,1
108,31,0
108,32,2
108,33,1
108,34,0
108,35,0
108,36,1
108,37,2
108,38,2
108,39,1
108,40,0
108,41,2
108,42,1
108,43,0
108,44,0
108,45,1
108,46,2
108,47,2
108,48,1
108,49,0
108,50,1
109,1,0
109,2,2
109,3,1
109,4,0
109,5,1
109,6,2
109,7,1
109,8,0
109,9,2
109,10,0
109,11,2
109,12,2
109,13,0
109,14,1
109,15,2
109,16,1
109,17,1
109,18,2
109,19,0
109,20,0
109,21,1
109,22,2
109,23,1
109,24,0
109,25,1
109,26,2
109,27,1
109,28,2
109,29,1
109,30,2
109,31,0
109,32,2
109,33,1
109,34,2
109,35,1
109,36,0
109,37,2
109,38,1
109,39,2
109,40,1
109,41,0
109,42,1
109,43,2
109,44,1
109,45,2
109,46,2
109,47,2
109,48,0
109,49,1
109,50,2
110,1,2
110,2,2
110,3,2
110,4,1
110,5,2
110,6,2
110,7,1
110,8,0
110,9,0
110,10,1
110,11,1
110,12,0
110,13,0
110,14,0
110,15,1
110,16,0
110,17,2
110,18,1
110,19,1
110,20,0
110,21,1
110,22,2
110,23,2
110,24,2
110,25,1
110,26,1
110,27,1
110,28,0
110,29,0
110,30,1
110,31,0
110,32,0
110,33,1
110,34,1
110,35,2
110,36,1
110,37,2
110,38,1
110,39,2
110,40,1
110,41,0
110,42,1
110,43,2
110,44,1
110,45,0
110,46,1
110,47,2
110,48,1
110,49,0
110,50,0
111,1,1
111,2,2
111,3,0
111,4,1
111,5,1
111,6,2
111,7,0
111,8,0
111,9,2
111,10,1
111,11,0
111,12,0
111,13,1
111,14,2
111,15,1
111,16,0
111,17,2
111,18,2
111,19,2
111,20,1
111,21,2
111,22,1
111,23,0
111,24,0
111,25,1
111,26,1
111,27,2
111,28,2
111,29,1
111,30,2
111,31,1
111,32,1
111,33,2
111,34,1
111,35,2
111,36,1
111,37,1
111,38,2
111,39,2
111,40,1
111,41,0
111,42,1
111,43,2
111,44,1
111,45,2
111,46,1
111,47,1
111,48,0
111,49,1
111,50,2
112,1,0
112,2,2
112,3,0
112,4,1
112,5,1
112,6,2
112,7,0
112,8,1
112,9,2
112,10,0
112,11,0
112,12,1
112,13,2
112,14,0
112,15,1
112,16,1
112,17,0
112,18,2
112,19,0
112,20,0
112,21,1
112,22,1
112,23,1
112,24,0
112,25,1
112,26,2
112,27,1
112,28,0
112,29,2
112,30,2
112,31,0
112,32,2
112,33,1
112,34,0
112,35,0
112,36,2
112,37,2
112,38,2
112,39,1
112,40,1
112,41,0
112,42,1
112,43,2
112,44,0
112,45,0
112,46,2
112,47,2
112,48,1
112,49,0
112,50,2
113,1,1
113,2,2
113,3,0
113,4,2
113,5,1
113,6,1
113,7,0
113,8,2
113,9,1
113,10,2
113,11,0
113,12,2
113,13,2
113,14,1
113,15,0
113,16,0
113,17,1
113,18,1
113,19,2
113,20,1
113,21,1
113,22,0
113,23,1
113,24,1
113,25,2
113,26,2
113,27,0
113,28,1
113,29,2
113,30,0
113,31,1
113,32,2
113,33,1
113,34,0
113,35,0
113,36,2
113,37,1
113,38,0
113,39,1
113,40,0
113,41,2
113,42,1
113,43,1
113,44,2
113,45,2
113,46,0
113,47,1
113,48,0
113,49,2
113,50,2
114,1,1
114,2,2
114,3,0
114,4,1
114,5,0
114,6,0
114,7,2
114,8,1
114,9,0
114,10,2
114,11,1
114,12,1
114,13,0
114,14,1
114,15,2
114,16,1
114,17,0
114,18,2
114,19,1
114,20,0
114,21,1
114,22,0
114,23,1
114,24,0
114,25,0
114,26,1
114,27,2
114,28,1
114,29,0
114,30,2
114,31,1
114,32,0
114,33,1
114,34,0
114,35,0
114,36,1
114,37,2
114,38,1
114,39,1
114,40,0
114,41,1
114,42,2
114,43,1
114,44,0
114,45,1
114,46,0
114,47,0
114,48,0
114,49,1
114,50,2
115,1,1
115,2,1
115,3,1
115,4,2
115,5,2
115,6,0
115,7,0
115,8,1
115,9,0
115,10,2
115,11,2
115,12,2
115,13,2
115,14,2
115,15,0
115,16,1
115,17,2
115,18,0
115,19,0
115,20,2
115,21,1
115,22,2
115,23,2
115,24,1
115,25,1
115,26,2
115,27,2
115,28,0
115,29,0
115,30,1
115,31,2
115,32,2
115,33,1
115,34,1
115,35,2
115,36,2
115,37,0
115,38,0
115,39,2
115,40,2
115,41,2
115,42,2
115,43,2
115,44,2
115,45,1
115,46,1
115,47,1
115,48,1
115,49,0
115,50,1
116,1,1
116,2,2
116,3,1
116,4,2
116,5,0
116,6,1
116,7,2
116,8,1
116,9,0
116,10,1
116,11,2
116,12,1
116,13,0
116,14,1
116,15,2
116,16,1
116,17,0
116,18,1
116,19,2
116,20,1
116,21,0
116,22,1
116,23,2
116,24,1
116,25,0
116,26,1
116,27,1
116,28,0
116,29,2
116,30,0
116,31,0
116,32,0
116,33,0
116,34,0
116,35,0
116,36,0
116,37,1
116,38,2
116,39,0
116,40,1
116,41,2
116,42,0
116,43,1
116,44,2
116,45,2
116,46,0
116,47,2
116,48,1
116,49,2
116,50,1
117,1,0
117,2,0
117,3,0
117,4,0
117,5,0
117,6,0
117,7,0
117,8,0
117,9,0
117,10,0
117,11,0
117,12,2
117,13,2
117,14,2
117,15,2
117,16,2
117,17,2
117,18,2
117,19,2
117,20,2
117,21,2
117,22,1
117,23,1
117,24,1
117,25,1
117,26,1
117,27,1
117,28,1
117,29,1
117,30,1
117,31,0
117,32,2
117,33,1
117,34,0
117,35,2
117,36,1
117,37,0
117,38,2
117,39,1
117,40,0
117,41,1
117,42,2
117,43,0
117,44,1
117,45,2
117,46,0
117,47,1
117,48,2
117,49,0
117,50,1
118,1,0
118,2,0
118,3,1
118,4,2
118,5,0
118,6,1
118,7,2
118,8,0
118,9,1
118,10,2
118,11,2
118,12,1
118,13,0
118,14,0
118,15,1
118,16,2
118,17,1
118,18,2
118,19,0
118,20,1
118,21,2
118,22,0
118,23,1
118,24,2
118,25,0
118,26,1
118,27,2
118,28,0
118,29,1
118,30,2
118,31,2
118,32,1
118,33,0
118,34,1
118,35,2
118,36,0
118,37,1
118,38,2
118,39,0
118,40,1
118,41,2
118,42,2
118,43,1
118,44,0
118,45,1
118,46,2
118,47,0
118,48,1
118,49,2
118,50,0
119,1,1
119,2,0
119,3,1
119,4,0
119,5,0
119,6,1
119,7,0
119,8,1
119,9,2
119,10,0
119,11,1
119,12,2
119,13,0
119,14,1
119,15,2
119,16,1
119,17,0
119,18,1
119,19,2
119,20,0
119,21,1
119,22,2
119,23,0
119,24,1
119,25,2
119,26,0
119,27,1
119,28,2
119,29,0
119,30,1
119,31,2
119,32,1
119,33,0
119,34,1
119,35,2
119,36,1
119,37,0
119,38,1
119,39,2
119,40,1
119,41,0
119,42,1
119,43,1
119,44,2
119,45,1
119,46,0
119,47,1
119,48,1
119,49,2
119,50,1
120,1,1
120,2,2
120,3,1
120,4,0
120,5,0
120,6,1
120,7,0
120,8,2
120,9,2
120,10,1
120,11,2
120,12,0
120,13,0
120,14,0
120,15,1
120,16,1
120,17,1
120,18,2
120,19,2
120,20,2
120,21,2
120,22,2
120,23,1
120,24,1
120,25,0
120,26,1
120,27,1
120,28,2
120,29,2
120,30,2
120,31,2
120,32,1
120,33,0
120,34,0
120,35,1
120,36,1
120,37,1
120,38,0
120,39,2
120,40,1
120,41,1
120,42,2
120,43,0
120,44,0
120,45,0
120,46,2
120,47,2
120,48,1
120,49,1
120,50,0
121,1,0
121,2,0
121,3,1
121,4,1
121,5,2
121,6,2
121,7,2
121,8,1
121,9,1
121,10,1
121,11,1
121,12,2
121,13,0
121,14,0
121,15,0
121,16,1
121,17,2
121,18,0
121,19,1
121,20,2
121,21,2
121,22,1
121,23,0
121,24,1
121,25,2
121,26,0
121,27,1
121,28,2
121,29,0
121,30,1
121,31,2
121,32,2
121,33,2
121,34,2
121,35,2
121,36,1
121,37,1
121,38,0
121,39,1
121,40,2
121,41,2
121,42,1
121,43,0
121,44,1
121,45,0
121,46,1
121,47,1
121,48,0
121,49,2
121,50,0
122,1,0
122,2,0
122,3,1
122,4,2
122,5,1
122,6,0
122,7,0
122,8,1
122,9,2
122,10,0
122,11,0
122,12,0
122,13,1
122,14,1
122,15,2
122,16,0
122,17,1
122,18,1
122,19,0
122,20,1
122,21,0
122,22,2
122,23,2
122,24,2
122,25,2
122,26,2
122,27,1
122,28,0
122,29,0
122,30,1
122,31,2
122,32,0
122,33,0
122,34,1
122,35,1
122,36,0
122,37,0
122,38,2
122,39,0
122,40,1
122,41,2
122,42,2
122,43,0
122,44,1
122,45,2
122,46,2
122,47,0
122,48,1
122,49,2
122,50,0
123,1,0
123,2,1
123,3,2
123,4,0
123,5,2
123,6,0
123,7,1
123,8,2
123,9,0
123,10,1
123,11,2
123,12,0
123,13,1
123,14,2
123,15,0
123,16,1
123,17,2
123,18,0
123,19,1
123,20,2
123,21,0
123,22,1
123,23,2
123,24,0
123,25,1
123,26,2
123,27,0
123,28,1
123,29,2
123,30,0
123,31,1
123,32,2
123,33,0
123,34,1
123,35,2
123,36,0
123,37,1
123,38,2
123,39,0
123,40,1
123,41,2
123,42,0
123,43,1
123,44,2
123,45,0
123,46,1
123,47,2
123,48,0
123,49,1
123,50,2
124,1,0
124,2,1
124,3,2
124,4,1
124,5,0
124,6,2
124,7,1
124,8,0
124,9,2
124,10,1
124,11,2
124,12,0
124,13,1
124,14,1
124,15,0
124,16,2
124,17,0
124,18,1
124,19,0
124,20,2
124,21,1
124,22,2
124,23,2
124,24,2
124,25,1
124,26,0
124,27,1
124,28,2
124,29,0
124,30,1
124,31,0
124,32,2
124,33,1
124,34,0
124,35,2
124,36,0
124,37,1
124,38,0
124,39,2
124,40,0
124,41,1
124,42,0
124,43,2
124,44,0
124,45,1
124,46,0
124,47,2
124,48,0
124,49,1
124,50,2
125,1,0
125,2,2
125,3,1
125,4,0
125,5,1
125,6,0
125,7,2
125,8,1
125,9,0
125,10,1
125,11,2
125,12,0
125,13,1
125,14,0
125,15,2
125,16,1
125,17,0
125,18,1
125,19,2
125,20,2
125,21,2
125,22,1
125,23,0
125,24,2
125,25,1
125,26,0
125,27,1
125,28,2
125,29,1
125,30,0
125,31,2
125,32,2
125,33,2
125,34,1
125,35,2
125,36,1
125,37,0
125,38,1
125,39,2
125,40,1
125,41,2
125,42,0
125,43,2
125,44,2
125,45,1
125,46,0
125,47,1
125,48,2
125,49,1
125,50,0
126,1,1
126,2,2
126,3,0
126,4,2
126,5,0
126,6,1
126,7,2
126,8,0
126,9,1
126,10,1
126,11,0
126,12,2
126,13,0
126,14,0
126,15,0
126,16,2
126,17,1
126,18,2
126,19,0
126,20,1
126,21,0
126,22,2
126,23,0
126,24,1
126,25,2
126,26,0
126,27,1
126,28,0
126,29,1
126,30,2
126,31,0
126,32,1
126,33,1
126,34,1
126,35,0
126,36,0
126,37,2
126,38,2
126,39,1
126,40,1
126,41,0
126,42,0
126,43,2
126,44,2
126,45,1
126,46,1
126,47,0
126,48,2
126,49,1
126,50,2
127,1,2
127,2,0
127,3,2
127,4,1
127,5,2
127,6,0
127,7,1
127,8,2
127,9,1
127,10,2
127,11,0
127,12,1
127,13,2
127,14,0
127,15,1
127,16,2
127,17,1
127,18,1
127,19,2
127,20,0
127,21,1
127,22,2
127,23,2
127,24,1
127,25,0
127,26,0
127,27,0
127,28,1
127,29,2
127,30,1
127,31,2
127,32,0
127,33,1
127,34,2
127,35,1
127,36,1
127,37,0
127,38,0
127,39,0
127,40,2
127,41,2
127,42,2
127,43,1
127,44,0
127,45,0
127,46,1
127,47,2
127,48,1
127,49,0
127,50,1
128,1,0
128,2,2
128,3,1
128,4,1
128,5,1
128,6,2
128,7,2
128,8,1
128,9,1
128,10,2
128,11,2
128,12,1
128,13,0
128,14,1
128,15,1
128,16,0
128,17,2
128,18,1
128,19,2
128,20,2
128,21,2
128,22,1
128,23,0
128,24,0
128,25,1
128,26,2
128,27,2
128,28,1
128,29,0
128,30,2
128,31,1
128,32,0
128,33,2
128,34,2
128,35,1
128,36,2
128,37,2
128,38,0
128,39,2
128,40,2
128,41,1
128,42,0
128,43,2
128,44,1
128,45,0
128,46,2
128,47,2
128,48,1
128,49,1
128,50,1
129,1,2
129,2,2
129,3,0
129,4,1
129,5,1
129,6,2
129,7,2
129,8,2
129,9,2
129,10,2
129,11,0
129,12,0
129,13,1
129,14,2
129,15,1
129,16,0
129,17,0
129,18,1
129,19,1
129,20,1
129,21,1
129,22,2
129,23,2
129,24,0
129,25,0
129,26,0
129,27,0
129,28,1
129,29,1
129,30,2
129,31,2
129,32,1
129,33,1
129,34,1
129,35,1
129,36,2
129,37,0
129,38,1
129,39,1
129,40,0
129,41,2
129,42,2
129,43,2
129,44,2
129,45,0
129,46,0
129,47,1
129,48,1
129,49,2
129,50,0
130,1,2
130,2,2
130,3,0
130,4,0
130,5,1
130,6,1
130,7,1
130,8,0
130,9,2
130,10,2
130,11,2
130,12,0
130,13,1
130,14,0
130,15,0
130,16,2
130,17,1
130,18,1
130,19,2
130,20,0
130,21,0
130,22,1
130,23,1
130,24,0
130,25,2
130,26,0
130,27,0
130,28,2
130,29,1
130,30,2
130,31,2
130,32,1
130,33,1
130,34,2
130,35,0
130,36,0
130,37,0
130,38,2
130,39,1
130,40,1
130,41,1
130,42,2
130,43,0
130,44,2
130,45,1
130,46,1
130,47,2
130,48,1
130,49,2
130,50,0
131,1,1
131,2,1
131,3,0
131,4,1
131,5,0
131,6,2
131,7,2
131,8,0
131,9,2
131,10,1
131,11,2
131,12,1
131,13,0
131,14,2
131,15,1
131,16,0
131,17,2
131,18,1
131,19,1
131,20,2
131,21,0
131,22,1
131,23,2
131,24,0
131,25,1
131,26,2
131,27,0
131,28,1
131,29,2
131,30,1
131,31,2
131,32,0
131,33,1
131,34,2
131,35,1
131,36,2
131,37,0
131,38,2
131,39,1
131,40,0
131,41,2
131,42,1
131,43,2
131,44,0
131,45,1
131,46,0
131,47,1
131,48,1
131,49,1
131,50,2
132,1,0
132,2,1
132,3,0
132,4,2
132,5,1
132,6,2
132,7,1
132,8,0
132,9,1
132,10,1
132,11,1
132,12,2
132,13,2
132,14,1
132,15,2
132,16,1
132,17,2
132,18,1
132,19,0
132,20,1
132,21,1
132,22,2
132,23,1
132,24,1
132,25,2
132,26,2
132,27,1
132,28,2
132,29,1
132,30,0
132,31,2
132,32,1
132,33,0
132,34,1
132,35,2
132,36,1
132,37,1
132,38,0
132,39,1
132,40,1
132,41,2
132,42,1
132,43,1
132,44,0
132,45,1
132,46,2
132,47,1
132,48,1
132,49,0
132,50,1
133,1,2
133,2,1
133,3,0
133,4,1
133,5,1
133,6,0
133,7,1
133,8,2
133,9,1
133,10,0
133,11,2
133,12,1
133,13,2
133,14,0
133,15,2
133,16,1
133,17,0
133,18,1
133,19,2
133,20,1
133,21,0
133,22,2
133,23,1
133,24,2
133,25,1
133,26,2
133,27,0
133,28,1
133,29,2
133,30,1
133,31,0
133,32,2
133,33,1
133,34,2
133,35,1
133,36,0
133,37,1
133,38,2
133,39,0
133,40,2
133,41,1
133,42,0
133,43,2
133,44,1
133,45,0
133,46,2
133,47,1
133,48,0
133,49,1
133,50,1
134,1,0
134,2,2
134,3,1
134,4,0
134,5,0
134,6,0
134,7,2
134,8,1
134,9,0
134,10,2
134,11,1
134,12,1
134,13,1
134,14,0
134,15,0
134,16,2
134,17,1
134,18,1
134,19,1
134,20,1
134,21,2
134,22,0
134,23,0
134,24,1
134,25,1
134,26,2
134,27,2
134,28,1
134,29,1
134,30,0
134,31,2
134,32,2
134,33,2
134,34,2
134,35,2
134,36,2
134,37,1
134,38,1
134,39,1
134,40,1
134,41,1
134,42,0
134,43,1
134,44,1
134,45,2
134,46,2
134,47,2
134,48,2
134,49,2
134,50,2
135,1,1
135,2,1
135,3,1
135,4,2
135,5,2
135,6,2
135,7,0
135,8,2
135,9,0
135,10,2
135,11,2
135,12,2
135,13,1
135,14,2
135,15,2
135,16,1
135,17,0
135,18,0
135,19,2
135,20,2
135,21,0
135,22,0
135,23,0
135,24,0
135,25,2
135,26,2
135,27,0
135,28,0
135,29,2
135,30,2
135,31,0
135,32,1
135,33,1
135,34,1
135,35,2
135,36,2
135,37,2
135,38,0
135,39,0
135,40,2
135,41,0
135,42,0
135,43,1
135,44,1
135,45,1
135,46,1
135,47,1
135,48,1
135,49,1
135,50,1
136,1,1
136,2,2
136,3,0
136,4,1
136,5,0
136,6,2
136,7,0
136,8,1
136,9,2
136,10,1
136,11,0
136,12,2
136,13,1
136,14,0
136,15,2
136,16,2
136,17,2
136,18,1
136,19,1
136,20,2
136,21,2
136,22,1
136,23,2
136,24,1
136,25,0
136,26,1
136,27,0
136,28,2
136,29,1
136,30,2
136,31,1
136,32,0
136,33,2
136,34,2
136,35,2
136,36,2
136,37,0
136,38,1
136,39,1
136,40,0
136,41,2
136,42,2
136,43,2
136,44,2
136,45,2
136,46,1
136,47,0
136,48,1
136,49,2
136,50,1
137,1,2
137,2,1
137,3,2
137,4,0
137,5,0
137,6,1
137,7,2
137,8,2
137,9,0
137,10,1
137,11,2
137,12,1
137,13,0
137,14,2
137,15,2
137,16,1
137,17,2
137,18,0
137,19,0
137,20,2
137,21,0
137,22,0
137,23,0
137,24,1
137,25,1
137,26,1
137,27,2
137,28,0
137,29,1
137,30,0
137,31,2
137,32,0
137,33,1
137,34,2
137,35,1
137,36,1
137,37,2
137,38,0
137,39,1
137,40,2
137,41,0
137,42,2
137,43,0
137,44,1
137,45,2
137,46,2
137,47,1
137,48,2
137,49,2
137,50,2
138,1,1
138,2,1
138,3,0
138,4,2
138,5,2
138,6,2
138,7,2
138,8,0
138,9,1
138,10,0
138,11,2
138,12,0
138,13,1
138,14,2
138,15,0
138,16,1
138,17,2
138,18,2
138,19,0
138,20,2
138,21,1
138,22,0
138,23,2
138,24,1
138,25,0
138,26,0
138,27,2
138,28,1
138,29,0
138,30,1
138,31,2
138,32,0
138,33,2
138,34,2
138,35,2
138,36,1
138,37,0
138,38,1
138,39,1
138,40,1
138,41,1
138,42,2
138,43,0
138,44,2
138,45,1
138,46,2
138,47,0
138,48,0
138,49,1
138,50,2
139,1,1
139,2,1
139,3,1
139,4,1
139,5,1
139,6,1
139,7,1
139,8,1
139,9,1
139,10,1
139,11,1
139,12,1
139,13,1
139,14,1
139,15,0
139,16,1
139,17,1
139,18,1
139,19,1
139,20,1
139,21,2
139,22,1
139,23,1
139,24,0
139,25,2
139,26,2
139,27,2
139,28,2
139,29,2
139,30,2
139,31,2
139,32,1
139,33,0
139,34,0
139,35,0
139,36,1
139,37,1
139,38,2
139,39,2
139,40,0
139,41,1
139,42,1
139,43,2
139,44,2
139,45,2
139,46,0
139,47,1
139,48,1
139,49,2
139,50,2
140,1,0
140,2,2
140,3,0
140,4,1
140,5,1
140,6,0
140,7,0
140,8,2
140,9,2
140,10,1
140,11,0
140,12,0
140,13,1
140,14,2
140,15,2
140,16,1
140,17,2
140,18,0
140,19,0
140,20,1
140,21,0
140,22,1
140,23,2
140,24,2
140,25,1
140,26,0
140,27,1
140,28,2
140,29,1
140,30,2
140,31,2
140,32,1
140,33,1
140,34,2
140,35,0
140,36,1
140,37,0
140,38,2
140,39,1
140,40,2
140,41,0
140,42,0
140,43,2
140,44,2
140,45,2
140,46,1
140,47,1
140,48,1
140,49,0
140,50,2
141,1,1
141,2,0
141,3,1
141,4,2
141,5,2
141,6,1
141,7,0
141,8,1
141,9,0
141,10,2
141,11,1
141,12,0
141,13,1
141,14,1
141,15,2
141,16,0
141,17,1
141,18,2
141,19,0
141,20,1
141,21,1
141,22,2
141,23,2
141,24,1
141,25,1
141,26,0
141,27,0
141,28,1
141,29,2
141,30,2
141,31,2
141,32,1
141,33,2
141,34,0
141,35,1
141,36,1
141,37,1
141,38,0
141,39,1
141,40,1
141,41,0
141,42,1
141,43,2
141,44,1
141,45,0
141,46,1
141,47,2
141,48,2
141,49,2
141,50,2
142,1,1
142,2,2
142,3,0
142,4,1
142,5,2
142,6,1
142,7,1
142,8,1
142,9,0
142,10,1
142,11,2
142,12,1
142,13,0
142,14,2
142,15,1
142,16,0
142,17,1
142,18,0
142,19,0
142,20,1
142,21,0
142,22,1
142,23,0
142,24,1
142,25,2
142,26,1
142,27,0
142,28,1
142,29,0
142,30,0
142,31,0
142,32,2
142,33,1
142,34,0
142,35,1
142,36,2
142,37,2
142,38,2
142,39,1
142,40,1
142,41,0
142,42,0
142,43,0
142,44,1
142,45,2
142,46,0
142,47,2
142,48,1
142,49,0
142,50,2
143,1,0
143,2,0
143,3,0
143,4,0
143,5,0
143,6,0
143,7,1
143,8,1
143,9,0
143,10,1
143,11,2
143,12,1
143,13,0
143,14,0
143,15,1
143,16,2
143,17,2
143,18,2
143,19,2
143,20,2
143,21,2
143,22,2
143,23,2
143,24,2
143,25,2
143,26,1
143,27,2
143,28,0
143,29,0
143,30,2
143,31,1
143,32,0
143,33,1
143,34,1
143,35,1
143,36,1
143,37,1
143,38,1
143,39,1
143,40,1
143,41,1
143,42,1
143,43,1
143,44,1
143,45,1
143,46,1
143,47,0
143,48,0
143,49,1
143,50,0
144,1,0
144,2,0
144,3,0
144,4,0
144,5,0
144,6,1
144,7,1
144,8,1
144,9,0
144,10,2
144,11,2
144,12,2
144,13,1
144,14,0
144,15,0
144,16,1
144,17,1
144,18,2
144,19,1
144,20,0
144,21,0
144,22,1
144,23,1
144,24,1
144,25,2
144,26,2
144,27,0
144,28,0
144,29,1
144,30,1
144,31,1
144,32,2
144,33,2
144,34,0
144,35,0
144,36,0
144,37,1
144,38,1
144,39,0
144,40,1
144,41,1
144,42,1
144,43,2
144,44,2
144,45,1
144,46,0
144,47,0
144,48,1
144,49,0
144,50,0
145,1,1
145,2,0
145,3,2
145,4,1
145,5,2
145,6,0
145,7,1
145,8,0
145,9,0
145,10,1
145,11,2
145,12,1
145,13,2
145,14,1
145,15,2
145,16,0
145,17,0
145,18,1
145,19,2
145,20,2
145,21,2
145,22,1
145,23,2
145,24,1
145,25,0
145,26,2
145,27,1
145,28,1
145,29,0
145,30,1
145,31,1
145,32,0
145,33,0
145,34,1
145,35,2
145,36,2
145,37,2
145,38,2
145,39,1
145,40,0
145,41,1
145,42,0
145,43,0
145,44,2
145,45,1
145,46,2
145,47,0
145,48,1
145,49,2
145,50,1
146,1,0
146,2,1
146,3,2
146,4,1
146,5,0
146,6,2
146,7,0
146,8,2
146,9,0
146,10,1
146,11,2
146,12,1
146,13,0
146,14,2
146,15,2
146,16,2
146,17,0
146,18,2
146,19,1
146,20,2
146,21,2
146,22,0
146,23,1
146,24,1
146,25,1
146,26,2
146,27,0
146,28,0
146,29,0
146,30,1
146,31,0
146,32,2
146,33,1
146,34,0
146,35,0
146,36,2
146,37,1
146,38,0
146,39,2
146,40,1
146,41,0
146,42,1
146,43,2
146,44,0
146,45,1
146,46,2
146,47,2
146,48,1
146,49,0
146,50,2
147,1,1
147,2,2
147,3,0
147,4,1
147,5,1
147,6,1
147,7,0
147,8,1
147,9,2
147,10,0
147,11,0
147,12,2
147,13,1
147,14,1
147,15,0
147,16,2
147,17,1
147,18,1
147,19,2
147,20,0
147,21,1
147,22,2
147,23,2
147,24,1
147,25,1
147,26,1
147,27,2
147,28,0
147,29,1
147,30,2
147,31,0
147,32,1
147,33,2
147,34,2
147,35,1
147,36,2
147,37,2
147,38,1
147,39,0
147,40,2
147,41,1
147,42,2
147,43,0
147,44,2
147,45,1
147,46,2
147,47,1
147,48,2
147,49,0
147,50,1
148,1,1
148,2,2
148,3,0
148,4,1
148,5,2
148,6,2
148,7,1
148,8,2
148,9,1
148,10,2
148,11,1
148,12,0
148,13,0
148,14,0
148,15,2
148,16,2
148,17,1
148,18,2
148,19,0
148,20,1
148,21,0
148,22,0
148,23,2
148,24,1
148,25,2
148,26,0
148,27,2
148,28,1
148,29,0
148,30,1
148,31,1
148,32,1
148,33,1
148,34,2
148,35,0
148,36,0
148,37,1
148,38,0
148,39,0
148,40,2
148,41,1
148,42,1
148,43,1
148,44,2
148,45,0
148,46,1
148,47,2
148,48,1
148,49,1
148,50,0
149,1,0
149,2,2
149,3,2
149,4,0
149,5,1
149,6,1
149,7,0
149,8,0
149,9,1
149,10,2
149,11,0
149,12,1
149,13,0
149,14,2
149,15,0
149,16,2
149,17,1
149,18,1
149,19,2
149,20,0
149,21,1
149,22,0
149,23,1
149,24,2
149,25,0
149,26,2
149,27,1
149,28,0
149,29,2
149,30,1
149,31,1
149,32,0
149,33,0
149,34,1
149,35,2
149,36,1
149,37,2
149,38,0
149,39,1
149,40,2
149,41,2
149,42,2
149,43,0
149,44,1
149,45,0
149,46,2
149,47,1
149,48,2
149,49,0
149,50,1
150,1,1
150,2,2
150,3,2
150,4,1
150,5,2
150,6,0
150,7,1
150,8,2
150,9,2
150,10,0
150,11,2
150,12,1
150,13,2
150,14,1
150,15,2
150,16,0
150,17,2
150,18,0
150,19,0
150,20,0
150,21,2
150,22,1
150,23,2
150,24,0
150,25,2
150,26,0
150,27,1
150,28,2
150,29,0
150,30,0
150,31,1
150,32,2
150,33,0
150,34,0
150,35,1
150,36,0
150,37,1
150,38,1
150,39,1
150,40,1
150,41,0
150,42,2
150,43,0
150,44,1
150,45,2
150,46,0
150,47,1
150,48,2
150,49,2
150,50,0
151,1,0
151,2,1
151,3,2
151,4,2
151,5,1
151,6,1
151,7,0
151,8,2
151,9,1
151,10,1
151,11,2
151,12,0
151,13,0
151,14,1
151,15,0
151,16,2
151,17,0
151,18,0
151,19,1
151,20,0
151,21,2
151,22,2
151,23,1
151,24,0
151,25,2
151,26,0
151,27,1
151,28,2
151,29,2
151,30,0
151,31,1
151,32,2
151,33,0
151,34,0
151,35,1
151,36,0
151,37,2
151,38,0
151,39,1
151,40,2
151,41,1
151,42,0
151,43,1
151,44,2
151,45,2
151,46,1
151,47,0
151,48,1
151,49,0
151,50,0
152,1,1
152,2,2
152,3,1
152,4,0
152,5,1
152,6,2
152,7,0
152,8,1
152,9,2
152,10,0
152,11,1
152,12,2
152,13,0
152,14,1
152,15,2
152,16,0
152,17,1
152,18,2
152,19,0
152,20,1
152,21,2
152,22,0
152,23,1
152,24,2
152,25,0
152,26,1
152,27,2
152,28,0
152,29,1
152,30,2
152,31,0
152,32,1
152,33,2
152,34,0
152,35,1
152,36,2
152,37,1
152,38,0
152,39,2
152,40,0
152,41,2
152,42,1
152,43,1
152,44,2
152,45,0
152,46,0
152,47,0
152,48,1
152,49,1
152,50,0
153,1,0
153,2,2
153,3,1
153,4,0
153,5,0
153,6,2
153,7,1
153,8,0
153,9,1
153,10,2
153,11,1
153,12,2
153,13,0
153,14,1
153,15,2
153,16,0
153,17,1
153,18,2
153,19,0
153,20,2
153,21,1
153,22,2
153,23,0
153,24,1
153,25,2
153,26,1
153,27,0
153,28,2
153,29,1
153,30,0
153,31,1
153,32,2
153,33,1
153,34,0
153,35,2
153,36,1
153,37,2
153,38,0
153,39,1
153,40,2
153,41,1
153,42,0
153,43,2
153,44,1
153,45,0
153,46,2
153,47,1
153,48,2
153,49,0
153,50,1
154,1,1
154,2,0
154,3,2
154,4,2
154,5,0
154,6,0
154,7,1
154,8,1
154,9,0
154,10,2
154,11,1
154,12,2
154,13,0
154,14,0
154,15,2
154,16,2
154,17,0
154,18,1
154,19,1
154,20,1
154,21,2
154,22,0
154,23,2
154,24,1
154,25,1
154,26,1
154,27,1
154,28,0
154,29,2
154,30,2
154,31,0
154,32,0
154,33,2
154,34,1
154,35,0
154,36,2
154,37,0
154,38,1
154,39,2
154,40,2
154,41,0
154,42,1
154,43,2
154,44,2
154,45,0
154,46,1
154,47,1
154,48,0
154,49,2
154,50,0
155,1,2
155,2,2
155,3,1
155,4,0
155,5,0
155,6,0
155,7,1
155,8,2
155,9,0
155,10,0
155,11,0
155,12,1
155,13,0
155,14,2
155,15,2
155,16,1
155,17,1
155,18,0
155,19,2
155,20,2
155,21,0
155,22,1
155,23,1
155,24,2
155,25,2
155,26,0
155,27,0
155,28,0
155,29,0
155,30,1
155,31,2
155,32,0
155,33,2
155,34,1
155,35,0
155,36,2
155,37,2
155,38,1
155,39,0
155,40,0
155,41,1
155,42,2
155,43,2
155,44,0
155,45,1
155,46,0
155,47,1
155,48,0
155,49,2
155,50,2
156,1,0
156,2,1
156,3,0
156,4,1
156,5,2
156,6,0
156,7,2
156,8,0
156,9,1
156,10,0
156,11,1
156,12,2
156,13,0
156,14,1
156,15,2
156,16,0
156,17,1
156,18,2
156,19,0
156,20,1
156,21,2
156,22,0
156,23,0
156,24,1
156,25,0
156,26,1
156,27,2
156,28,0
156,29,2
156,30,0
156,31,0
156,32,1
156,33,2
156,34,0
156,35,0
156,36,2
156,37,1
156,38,1
156,39,0
156,40,2
156,41,0
156,42,0
156,43,1
156,44,2
156,45,0
156,46,1
156,47,2
156,48,1
156,49,0
156,50,0
157,1,0
157,2,2
157,3,1
157,4,0
157,5,2
157,6,1
157,7,0
157,8,2
157,9,2
157,10,0
157,11,1
157,12,2
157,13,0
157,14,2
157,15,1
157,16,0
157,17,2
157,18,1
157,19,0
157,20,2
157,21,1
157,22,0
157,23,2
157,24,1
157,25,2
157,26,0
157,27,0
157,28,0
157,29,2
157,30,2
157,31,0
157,32,0
157,33,0
157,34,2
157,35,1
157,36,2
157,37,2
157,38,0
157,39,2
157,40,2
157,41,2
157,42,1
157,43,1
157,44,0
157,45,2
157,46,0
157,47,1
157,48,1
157,49,2
157,50,0
158,1,1
158,2,0
158,3,2
158,4,1
158,5,0
158,6,1
158,7,0
158,8,2
158,9,1
158,10,2
158,11,0
158,12,1
158,13,0
158,14,2
158,15,1
158,16,0
158,17,1
158,18,0
158,19,0
158,20,0
158,21,0
158,22,0
158,23,1
158,24,1
158,25,1
158,26,1
158,27,1
158,28,2
158,29,0
158,30,0
158,31,0
158,32,0
158,33,1
158,34,0
158,35,2
158,36,0
158,37,1
158,38,0
158,39,1
158,40,2
158,41,0
158,42,1
158,43,0
158,44,1
158,45,2
158,46,1
158,47,0
158,48,1
158,49,1
158,50,2
159,1,2
159,2,2
159,3,1
159,4,2
159,5,0
159,6,2
159,7,1
159,8,1
159,9,0
159,10,1
159,11,0
159,12,0
159,13,2
159,14,0
159,15,2
159,16,1
159,17,2
159,18,0
159,19,0
159,20,1
159,21,0
159,22,2
159,23,0
159,24,0
159,25,2
159,26,0
159,27,0
159,28,0
159,29,1
159,30,2
159,31,1
159,32,2
159,33,1
159,34,1
159,35,2
159,36,1
159,37,2
159,38,1
159,39,1
159,40,0
159,41,1
159,42,1
159,43,2
159,44,0
159,45,2
159,46,1
159,47,0
159,48,1
159,49,0
159,50,2
160,1,1
160,2,0
160,3,2
160,4,1
160,5,2
160,6,1
160,7,0
160,8,1
160,9,2
160,10,0
160,11,1
160,12,1
160,13,1
160,14,0
160,15,1
160,16,2
160,17,1
160,18,2
160,19,0
160,20,1
160,21,2
160,22,0
160,23,1
160,24,2
160,25,0
160,26,1
160,27,2
160,28,0
160,29,1
160,30,2
160,31,1
160,32,0
160,33,1
160,34,2
160,35,2
160,36,2
160,37,1
160,38,2
160,39,0
160,40,1
160,41,1
160,42,2
160,43,2
160,44,1
160,45,0
160,46,0
160,47,0
160,48,2
160,49,1
160,50,1
161,1,0
161,2,1
161,3,1
161,4,2
161,5,2
161,6,0
161,7,0
161,8,1
161,9,1
161,10,2
161,11,2
161,12,0
161,13,0
161,14,1
161,15,1
161,16,2
161,17,2
161,18,0
161,19,0
161,20,1
161,21,1
161,22,2
161,23,2
161,24,0
161,25,0
161,26,1
161,27,1
161,28,2
161,29,2
161,30,0
161,31,0
161,32,1
161,33,1
161,34,2
161,35,2
161,36,0
161,37,1
161,38,1
161,39,2
161,40,2
161,41,0
161,42,0
161,43,1
161,44,1
161,45,2
161,46,2
161,47,0
161,48,0
161,49,1
161,50,1
162,1,1
162,2,0
162,3,2
162,4,1
162,5,1
162,6,0
162,7,1
162,8,1
162,9,2
162,10,0
162,11,1
162,12,0
162,13,1
162,14,0
162,15,0
162,16,1
162,17,1
162,18,1
162,19,2
162,20,2
162,21,0
162,22,0
162,23,1
162,24,1
162,25,2
162,26,2
162,27,0
162,28,0
162,29,1
162,30,1
162,31,2
162,32,2
162,33,0
162,34,0
162,35,1
162,36,1
162,37,2
162,38,2
162,39,0
162,40,0
162,41,1
162,42,1
162,43,2
162,44,2
162,45,0
162,46,0
162,47,1
162,48,1
162,49,1
162,50,2
163,1,2
163,2,1
163,3,0
163,4,2
163,5,0
163,6,2
163,7,0
163,8,1
163,9,2
163,10,1
163,11,0
163,12,1
163,13,0
163,14,1
163,15,2
163,16,0
163,17,1
163,18,0
163,19,2
163,20,1
163,21,1
163,22,2
163,23,2
163,24,2
163,25,1
163,26,0
163,27,0
163,28,2
163,29,1
163,30,0
163,31,1
163,32,0
163,33,2
163,34,2
163,35,1
163,36,0
163,37,2
163,38,1
163,39,1
163,40,0
163,41,0
163,42,2
163,43,1
163,44,2
163,45,0
163,46,0
163,47,2
163,48,1
163,49,1
163,50,2
164,1,1
164,2,2
164,3,2
164,4,0
164,5,0
164,6,0
164,7,1
164,8,0
164,9,1
164,10,1
164,11,2
164,12,1
164,13,0
164,14,1
164,15,2
164,16,0
164,17,1
164,18,1
164,19,1
164,20,2
164,21,2
164,22,0
164,23,2
164,24,0
164,25,2
164,26,1
164,27,1
164,28,0
164,29,2
164,30,0
164,31,0
164,32,0
164,33,1
164,34,2
164,35,1
164,36,1
164,37,0
164,38,2
164,39,1
164,40,2
164,41,0
164,42,1
164,43,1
164,44,0
164,45,2
164,46,1
164,47,0
164,48,0
164,49,1
164,50,0
165,1,0
165,2,0
165,3,0
165,4,0
165,5,1
165,6,1
165,7,0
165,8,1
165,9,0
165,10,1
165,11,0
165,12,0
165,13,1
165,14,1
165,15,1
165,16,0
165,17,0
165,18,0
165,19,0
165,20,1
165,21,1
165,22,1
165,23,0
165,24,0
165,25,1
165,26,0
165,27,0
165,28,1
165,29,2
165,30,0
165,31,0
165,32,1
165,33,1
165,34,0
165,35,0
165,36,1
165,37,0
165,38,1
165,39,0
165,40,1
165,41,0
165,42,0
165,43,0
165,44,0
165,45,2
165,46,1
165,47,0
165,48,0
165,49,1
165,50,0
166,1,1
166,2,1
166,3,0
166,4,2
166,5,0
166,6,1
166,7,2
166,8,1
166,9,2
166,10,0
166,11,0
166,12,2
166,13,1
166,14,2
166,15,0
166,16,0
166,17,2
166,18,1
166,19,2
166,20,0
166,21,0
166,22,0
166,23,2
166,24,0
166,25,2
166,26,1
166,27,0
166,28,1
166,29,0
166,30,2
166,31,1
166,32,0
166,33,1
166,34,0
166,35,0
166,36,2
166,37,1
166,38,2
166,39,0
166,40,1
166,41,0
166,42,2
166,43,0
166,44,1
166,45,2
166,46,0
166,47,1
166,48,0
166,49,1
166,50,1
167,1,1
167,2,2
167,3,0
167,4,0
167,5,0
167,6,1
167,7,2
167,8,0
167,9,2
167,10,0
167,11,1
167,12,2
167,13,2
167,14,0
167,15,2
167,16,1
167,17,2
167,18,2
167,19,2
167,20,0
167,21,0
167,22,2
167,23,1
167,24,2
167,25,2
167,26,0
167,27,0
167,28,1
167,29,1
167,30,0
167,31,0
167,32,2
167,33,1
167,34,2
167,35,0
167,36,0
167,37,1
167,38,1
167,39,1
167,40,1
167,41,0
167,42,0
167,43,1
167,44,1
167,45,2
167,46,2
167,47,1
167,48,0
167,49,0
167,50,2
168,1,1
168,2,1
168,3,0
168,4,1
168,5,2
168,6,1
168,7,0
168,8,0
168,9,0
168,10,2
168,11,1
168,12,2
168,13,0
168,14,0
168,15,2
168,16,1
168,17,2
168,18,0
168,19,2
168,20,0
168,21,2
168,22,1
168,23,2
168,24,0
168,25,2
168,26,1
168,27,0
168,28,2
168,29,0
168,30,0
168,31,1
168,32,2
168,33,2
168,34,2
168,35,1
168,36,0
168,37,0
168,38,2
168,39,2
168,40,2
168,41,1
168,42,1
168,43,1
168,44,0
168,45,2
168,46,1
168,47,2
168,48,2
168,49,1
168,50,2
169,1,0
169,2,0
169,3,0
169,4,1
169,5,1
169,6,1
169,7,2
169,8,1
169,9,0
169,10,1
169,11,1
169,12,0
169,13,2
169,14,2
169,15,2
169,16,2
169,17,2
169,18,2
169,19,1
169,20,0
169,21,0
169,22,1
169,23,0
169,24,0
169,25,1
169,26,2
169,27,2
169,28,1
169,29,2
169,30,0
169,31,2
169,32,1
169,33,0
169,34,0
169,35,2
169,36,2
169,37,2
169,38,1
169,39,1
169,40,2
169,41,2
169,42,0
169,43,1
169,44,0
169,45,0
169,46,0
169,47,2
169,48,1
169,49,2
169,50,0
170,1,0
170,2,1
170,3,2
170,4,1
170,5,2
170,6,0
170,7,2
170,8,0
170,9,1
170,10,0
170,11,1
170,12,2
170,13,1
170,14,2
170,15,0
170,16,2
170,17,0
170,18,1
170,19,0
170,20,1
170,21,2
170,22,1
170,23,2
170,24,0
170,25,1
170,26,2
170,27,0
170,28,1
170,29,2
170,30,2
170,31,0
170,32,0
170,33,1
170,34,1
170,35,1
170,36,2
170,37,2
170,38,2
170,39,0
170,40,1
170,41,2
170,42,2
170,43,2
170,44,2
170,45,0
170,46,1
170,47,2
170,48,0
170,49,1
170,50,2
171,1,1
171,2,1
171,3,2
171,4,2
171,5,2
171,6,2
171,7,1
171,8,0
171,9,1
171,10,0
171,11,2
171,12,1
171,13,1
171,14,0
171,15,2
171,16,0
171,17,1
171,18,1
171,19,2
171,20,0
171,21,1
171,22,2
171,23,0
171,24,2
171,25,2
171,26,0
171,27,2
171,28,2
171,29,0
171,30,1
171,31,1
171,32,2
171,33,0
171,34,2
171,35,2
171,36,1
171,37,1
171,38,2
171,39,2
171,40,0
171,41,2
171,42,0
171,43,1
171,44,1
171,45,0
171,46,2
171,47,1
171,48,0
171,49,2
171,50,1
172,1,0
172,2,0
172,3,0
172,4,0
172,5,0
172,6,0
172,7,0
172,8,1
172,9,1
172,10,1
172,11,1
172,12,1
172,13,1
172,14,2
172,15,1
172,16,2
172,17,1
172,18,0
172,19,2
172,20,2
172,21,1
172,22,2
172,23,1
172,24,2
172,25,0
172,26,2
172,27,1
172,28,2
172,29,2
172,30,0
172,31,0
172,32,1
172,33,1
172,34,2
172,35,2
172,36,1
172,37,0
172,38,1
172,39,0
172,40,1
172,41,1
172,42,1
172,43,0
172,44,0
172,45,0
172,46,1
172,47,0
172,48,2
172,49,1
172,50,2
173,1,0
173,2,0
173,3,0
173,4,0
173,5,0
173,6,1
173,7,2
173,8,2
173,9,1
173,10,1
173,11,1
173,12,0
173,13,2
173,14,1
173,15,1
173,16,1
173,17,0
173,18,2
173,19,1
173,20,2
173,21,0
173,22,1
173,23,1
173,24,2
173,25,1
173,26,2
173,27,0
173,28,0
173,29,1
173,30,1
173,31,1
173,32,2
173,33,1
173,34,2
173,35,2
173,36,0
173,37,0
173,38,1
173,39,0
173,40,2
173,41,1
173,42,2
173,43,0
173,44,1
173,45,0
173,46,1
173,47,2
173,48,2
173,49,1
173,50,2
174,1,0
174,2,1
174,3,2
174,4,2
174,5,1
174,6,0
174,7,1
174,8,1
174,9,2
174,10,0
174,11,1
174,12,2
174,13,0
174,14,1
174,15,1
174,16,0
174,17,2
174,18,1
174,19,0
174,20,1
174,21,0
174,22,0
174,23,1
174,24,2
174,25,1
174,26,0
174,27,1
174,28,2
174,29,1
174,30,0
174,31,1
174,32,1
174,33,2
174,34,1
174,35,0
174,36,1
174,37,2
174,38,1
174,39,0
174,40,1
174,41,2
174,42,1
174,43,1
174,44,0
174,45,0
174,46,2
174,47,2
174,48,1
174,49,1
174,50,1
175,1,2
175,2,1
175,3,2
175,4,0
175,5,1
175,6,2
175,7,2
175,8,1
175,9,2
175,10,2
175,11,2
175,12,2
175,13,0
175,14,1
175,15,1
175,16,0
175,17,0
175,18,0
175,19,0
175,20,0
175,21,2
175,22,2
175,23,2
175,24,2
175,25,2
175,26,2
175,27,2
175,28,2
175,29,2
175,30,2
175,31,2
175,32,1
175,33,1
175,34,1
175,35,0
175,36,0
175,37,0
175,38,0
175,39,0
175,40,1
175,41,1
175,42,0
175,43,0
175,44,0
175,45,0
175,46,2
175,47,2
175,48,2
175,49,2
175,50,2
176,1,0
176,2,1
176,3,2
176,4,1
176,5,1
176,6,2
176,7,2
176,8,1
176,9,2
176,10,0
176,11,2
176,12,1
176,13,2
176,14,2
176,15,0
176,16,1
176,17,1
176,18,2
176,19,0
176,20,0
176,21,2
176,22,2
176,23,1
176,24,0
176,25,0
176,26,0
176,27,1
176,28,2
176,29,2
176,30,2
176,31,0
176,32,1
176,33,0
176,34,2
176,35,1
176,36,0
176,37,2
176,38,0
176,39,1
176,40,2
176,41,0
176,42,1
176,43,1
176,44,1
176,45,0
176,46,2
176,47,2
176,48,1
176,49,2
176,50,0
177,1,0
177,2,1
177,3,2
177,4,0
177,5,1
177,6,0
177,7,1
177,8,2
177,9,1
177,10,0
177,11,1
177,12,2
177,13,1
177,14,0
177,15,1
177,16,2
177,17,1
177,18,2
177,19,1
177,20,1
177,21,0
177,22,1
177,23,1
177,24,1
177,25,1
177,26,0
177,27,0
177,28,0
177,29,0
177,30,0
177,31,0
177,32,0
177,33,0
177,34,0
177,35,0
177,36,0
177,37,1
177,38,1
177,39,1
177,40,0
177,41,0
177,42,1
177,43,1
177,44,1
177,45,0
177,46,1
177,47,1
177,48,0
177,49,0
177,50,0
178,1,1
178,2,2
178,3,0
178,4,1
178,5,2
178,6,0
178,7,2
178,8,1
178,9,2
178,10,1
178,11,0
178,12,2
178,13,0
178,14,1
178,15,0
178,16,0
178,17,1
178,18,2
178,19,0
178,20,1
178,21,2
178,22,1
178,23,2
178,24,0
178,25,2
178,26,1
178,27,2
178,28,0
178,29,1
178,30,0
178,31,2
178,32,2
178,33,0
178,34,0
178,35,1
178,36,2
178,37,1
178,38,0
178,39,2
178,40,2
178,41,1
178,42,0
178,43,2
178,44,1
178,45,0
178,46,2
178,47,2
178,48,2
178,49,2
178,50,1
179,1,0
179,2,2
179,3,2
179,4,0
179,5,1
179,6,2
179,7,0
179,8,1
179,9,1
179,10,2
179,11,2
179,12,1
179,13,2
179,14,0
179,15,1
179,16,2
179,17,1
179,18,0
179,19,2
179,20,1
179,21,2
179,22,1
179,23,0
179,24,2
179,25,1
179,26,0
179,27,2
179,28,1
179,29,0
179,30,2
179,31,1
179,32,2
179,33,0
179,34,2
179,35,1
179,36,0
179,37,0
179,38,1
179,39,1
179,40,1
179,41,0
179,42,1
179,43,2
179,44,0
179,45,1
179,46,0
179,47,0
179,48,2
179,49,0
179,50,2
180,1,1
180,2,0
180,3,2
180,4,2
180,5,2
180,6,0
180,7,0
180,8,2
180,9,1
180,10,1
180,11,2
180,12,0
180,13,2
180,14,1
180,15,0
180,16,2
180,17,1
180,18,0
180,19,2
180,20,1
180,21,2
180,22,1
180,23,2
180,24,0
180,25,1
180,26,0
180,27,2
180,28,2
180,29,2
180,30,1
180,31,0
180,32,1
180,33,1
180,34,2
180,35,0
180,36,0
180,37,1
180,38,1
180,39,1
180,40,2
180,41,0
180,42,0
180,43,2
180,44,1
180,45,2
180,46,2
180,47,0
180,48,2
180,49,2
180,50,1
181,1,0
181,2,1
181,3,2
181,4,2
181,5,1
181,6,0
181,7,0
181,8,1
181,9,2
181,10,2
181,11,1
181,12,0
181,13,0
181,14,1
181,15,2
181,16,2
181,17,1
181,18,0
181,19,0
181,20,1
181,21,2
181,22,2
181,23,1
181,24,0
181,25,0
181,26,1
181,27,2
181,28,2
181,29,1
181,30,0
181,31,0
181,32,1
181,33,2
181,34,2
181,35,1
181,36,0
181,37,0
181,38,1
181,39,1
181,40,2
181,41,2
181,42,1
181,43,0
181,44,0
181,45,1
181,46,2
181,47,2
181,48,1
181,49,0
181,50,0
182,1,0
182,2,2
182,3,0
182,4,1
182,5,0
182,6,2
182,7,2
182,8,0
182,9,1
182,10,0
182,11,1
182,12,0
182,13,2
182,14,2
182,15,0
182,16,0
182,17,1
182,18,2
182,19,0
182,20,0
182,21,1
182,22,0
182,23,2
182,24,0
182,25,2
182,26,0
182,27,1
182,28,0
182,29,2
182,30,2
182,31,1
182,32,0
182,33,2
182,34,0
182,35,1
182,36,0
182,37,2
182,38,2
182,39,1
182,40,0
182,41,2
182,42,0
182,43,1
182,44,1
182,45,0
182,46,2
182,47,0
182,48,1
182,49,1
182,50,0
183,1,1
183,2,0
183,3,2
183,4,1
183,5,0
183,6,1
183,7,2
183,8,0
183,9,1
183,10,2
183,11,0
183,12,1
183,13,2
183,14,0
183,15,1
183,16,2
183,17,0
183,18,1
183,19,2
183,20,0
183,21,1
183,22,2
183,23,0
183,24,1
183,25,2
183,26,0
183,27,1
183,28,2
183,29,0
183,30,1
183,31,2
183,32,0
183,33,1
183,34,2
183,35,0
183,36,1
183,37,2
183,38,0
183,39,1
183,40,2
183,41,0
183,42,1
183,43,2
183,44,0
183,45,1
183,46,2
183,47,0
183,48,1
183,49,2
183,50,2
184,1,2
184,2,0
184,3,2
184,4,1
184,5,0
184,6,0
184,7,2
184,8,1
184,9,0
184,10,2
184,11,1
184,12,0
184,13,2
184,14,0
184,15,2
184,16,1
184,17,2
184,18,2
184,19,2
184,20,1
184,21,1
184,22,2
184,23,0
184,24,0
184,25,1
184,26,0
184,27,0
184,28,0
184,29,0
184,30,0
184,31,2
184,32,0
184,33,2
184,34,1
184,35,0
184,36,0
184,37,2
184,38,1
184,39,2
184,40,2
184,41,0
184,42,1
184,43,0
184,44,2
184,45,2
184,46,1
184,47,0
184,48,2
184,49,1
184,50,1
185,1,2
185,2,2
185,3,0
185,4,1
185,5,2
185,6,0
185,7,0
185,8,1
185,9,2
185,10,1
185,11,0
185,12,2
185,13,1
185,14,0
185,15,1
185,16,1
185,17,1
185,18,0
185,19,1
185,20,2
185,21,2
185,22,1
185,23,0
185,24,1
185,25,2
185,26,1
185,27,1
185,28,2
185,29,2
185,30,2
185,31,0
185,32,1
185,33,0
185,34,2
185,35,0
185,36,2
185,37,1
185,38,1
185,39,0
185,40,2
185,41,1
185,42,0
185,43,1
185,44,0
185,45,2
185,46,1
185,47,0
185,48,1
185,49,1
185,50,2
186,1,1
186,2,1
186,3,2
186,4,0
186,5,1
186,6,1
186,7,0
186,8,0
186,9,1
186,10,1
186,11,1
186,12,2
186,13,2
186,14,0
186,15,0
186,16,1
186,17,1
186,18,1
186,19,2
186,20,0
186,21,0
186,22,0
186,23,2
186,24,1
186,25,2
186,26,2
186,27,2
186,28,0
186,29,0
186,30,0
186,31,0
186,32,1
186,33,1
186,34,1
186,35,0
186,36,1
186,37,1
186,38,2
186,39,2
186,40,2
186,41,0
186,42,0
186,43,0
186,44,1
186,45,0
186,46,2
186,47,1
186,48,0
186,49,0
186,50,1
187,1,0
187,2,1
187,3,1
187,4,1
187,5,2
187,6,0
187,7,2
187,8,2
187,9,1
187,10,0
187,11,2
187,12,2
187,13,1
187,14,2
187,15,2
187,16,0
187,17,1
187,18,1
187,19,1
187,20,1
187,21,0
187,22,1
187,23,2
187,24,0
187,25,1
187,26,1
187,27,0
187,28,0
187,29,2
187,30,2
187,31,1
187,32,0
187,33,2
187,34,1
187,35,1
187,36,2
187,37,0
187,38,2
187,39,2
187,40,1
187,41,0
187,42,0
187,43,1
187,44,2
187,45,0
187,46,1
187,47,2
187,48,0
187,49,2
187,50,1
188,1,2
188,2,1
188,3,1
188,4,2
188,5,1
188,6,0
188,7,0
188,8,0
188,9,2
188,10,2
188,11,1
188,12,1
188,13,2
188,14,1
188,15,1
188,16,1
188,17,2
188,18,2
188,19,1
188,20,1
188,21,2
188,22,0
188,23,0
188,24,0
188,25,1
188,26,2
188,27,0
188,28,0
188,29,0
188,30,1
188,31,2
188,32,2
188,33,1
188,34,1
188,35,0
188,36,0
188,37,0
188,38,0
188,39,1
188,40,2
188,41,2
188,42,1
188,43,1
188,44,1
188,45,2
188,46,2
188,47,2
188,48,1
188,49,1
188,50,0
189,1,0
189,2,0
189,3,0
189,4,1
189,5,1
189,6,2
189,7,2
189,8,1
189,9,1
189,10,2
189,11,2
189,12,2
189,13,2
189,14,1
189,15,0
189,16,2
189,17,0
189,18,2
189,19,0
189,20,1
189,21,1
189,22,0
189,23,1
189,24,1
189,25,2
189,26,0
189,27,1
189,28,0
189,29,1
189,30,0
189,31,1
189,32,1
189,33,0
189,34,0
189,35,2
189,36,1
189,37,2
189,38,1
189,39,2
189,40,1
189,41,2
189,42,1
189,43,2
189,44,1
189,45,0
189,46,1
189,47,0
189,48,1
189,49,2
189,50,0
190,1,0
190,2,1
190,3,2
190,4,0
190,5,1
190,6,2
190,7,0
190,8,0
190,9,2
190,10,2
190,11,0
190,12,0
190,13,2
190,14,1
190,15,1
190,16,2
190,17,0
190,18,1
190,19,2
190,20,1
190,21,2
190,22,0
190,23,0
190,24,0
190,25,2
190,26,1
190,27,1
190,28,1
190,29,2
190,30,0
190,31,0
190,32,2
190,33,1
190,34,2
190,35,0
190,36,0
190,37,1
190,38,1
190,39,2
190,40,2
190,41,2
190,42,2
190,43,0
190,44,1
190,45,0
190,46,2
190,47,0
190,48,1
190,49,1
190,50,2
191,1,0
191,2,1
191,3,1
191,4,0
191,5,2
191,6,1
191,7,1
191,8,0
191,9,0
191,10,1
191,11,2
191,12,0
191,13,1
191,14,1
191,15,2
191,16,1
191,17,0
191,18,0
191,19,1
191,20,2
191,21,2
191,22,1
191,23,0
191,24,1
191,25,1
191,26,2
191,27,1
191,28,0
191,29,0
191,30,1
191,31,2
191,32,1
191,33,0
191,34,0
191,35,1
191,36,1
191,37,2
191,38,2
191,39,2
191,40,2
191,41,1
191,42,1
191,43,0
191,44,1
191,45,1
191,46,1
191,47,1
191,48,1
191,49,2
191,50,0
192,1,0
192,2,2
192,3,0
192,4,1
192,5,2
192,6,2
192,7,2
192,8,0
192,9,1
192,10,1
192,11,2
192,12,0
192,13,1
192,14,0
192,15,0
192,16,0
192,17,1
192,18,1
192,19,0
192,20,2
192,21,2
192,22,2
192,23,1
192,24,2
192,25,0
192,26,0
192,27,1
192,28,0
192,29,0
192,30,2
192,31,2
192,32,0
192,33,1
192,34,1
192,35,1
192,36,1
192,37,0
192,38,0
192,39,2
192,40,2
192,41,0
192,42,2
192,43,2
192,44,1
192,45,0
192,46,0
192,47,0
192,48,2
192,49,2
192,50,1
193,1,0
193,2,2
193,3,2
193,4,0
193,5,1
193,6,0
193,7,0
193,8,1
193,9,2
193,10,2
193,11,1
193,12,0
193,13,1
193,14,0
193,15,0
193,16,1
193,17,1
193,18,1
193,19,2
193,20,0
193,21,2
193,22,2
193,23,1
193,24,1
193,25,0
193,26,0
193,27,0
193,28,2
193,29,1
193,30,0
193,31,2
193,32,2
193,33,0
193,34,1
193,35,0
193,36,1
193,37,0
193,38,2
193,39,0
193,40,1
193,41,0
193,42,1
193,43,0
193,44,0
193,45,2
193,46,1
193,47,1
193,48,2
193,49,0
193,50,2
194,1,1
194,2,2
194,3,1
194,4,1
194,5,1
194,6,0
194,7,2
194,8,0
194,9,0
194,10,0
194,11,0
194,12,1
194,13,0
194,14,0
194,15,1
194,16,0
194,17,2
194,18,1
194,19,0
194,20,2
194,21,1
194,22,2
194,23,0
194,24,2
194,25,0
194,26,2
194,27,0
194,28,0
194,29,2
194,30,0
194,31,0
194,32,1
194,33,1
194,34,2
194,35,0
194,36,2
194,37,1
194,38,2
194,39,0
194,40,1
194,41,0
194,42,2
194,43,1
194,44,2
194,45,0
194,46,1
194,47,2
194,48,0
194,49,0
194,50,1
195,1,1
195,2,0
195,3,0
195,4,1
195,5,1
195,6,2
195,7,1
195,8,0
195,9,2
195,10,1
195,11,0
195,12,1
195,13,2
195,14,2
195,15,1
195,16,0
195,17,1
195,18,1
195,19,0
195,20,2
195,21,2
195,22,1
195,23,0
195,24,1
195,25,2
195,26,2
195,27,2
195,28,2
195,29,1
195,30,0
195,31,1
195,32,1
195,33,0
195,34,2
195,35,0
195,36,1
195,37,0
195,38,1
195,39,1
195,40,2
195,41,1
195,42,0
195,43,0
195,44,2
195,45,2
195,46,1
195,47,0
195,48,2
195,49,1
195,50,0
196,1,1
196,2,2
196,3,1
196,4,0
196,5,0
196,6,0
196,7,2
196,8,2
196,9,1
196,10,1
196,11,0
196,12,1
196,13,1
196,14,2
196,15,1
196,16,1
196,17,1
196,18,0
196,19,1
196,20,0
196,21,0
196,22,2
196,23,1
196,24,2
196,25,2
196,26,0
196,27,0
196,28,0
196,29,1
196,30,1
196,31,2
196,32,0
196,33,0
196,34,1
196,35,2
196,36,2
196,37,2
196,38,2
196,39,2
196,40,2
196,41,2
196,42,2
196,43,2
196,44,0
196,45,2
196,46,1
196,47,0
196,48,0
196,49,1
196,50,2
197,1,1
197,2,1
197,3,0
197,4,2
197,5,0
197,6,0
197,7,2
197,8,2
197,9,1
197,10,0
197,11,0
197,12,2
197,13,2
197,14,1
197,15,2
197,16,1
197,17,1
197,18,0
197,19,2
197,20,1
197,21,0
197,22,2
197,23,1
197,24,0
197,25,2
197,26,0
197,27,0
197,28,1
197,29,2
197,30,0
197,31,1
197,32,2
197,33,0
197,34,2
197,35,0
197,36,2
197,37,2
197,38,0
197,39,2
197,40,0
197,41,2
197,42,0
197,43,2
197,44,0
197,45,1
197,46,0
197,47,1
197,48,2
197,49,0
197,50,1
198,1,0
198,2,2
198,3,1
198,4,0
198,5,0
198,6,1
198,7,1
198,8,1
198,9,2
198,10,0
198,11,2
198,12,1
198,13,0
198,14,2
198,15,1
198,16,2
198,17,0
198,18,2
198,19,1
198,20,2
198,21,0
198,22,1
198,23,2
198,24,0
198,25,2
198,26,2
198,27,1
198,28,0
198,29,2
198,30,1
198,31,0
198,32,1
198,33,2
198,34,1
198,35,0
198,36,2
198,37,1
198,38,1
198,39,2
198,40,0
198,41,1
198,42,2
198,43,1
198,44,0
198,45,1
198,46,2
198,47,1
198,48,0
198,49,0
198,50,2
199,1,1
199,2,0
199,3,0
199,4,2
199,5,1
199,6,1
199,7,2
199,8,0
199,9,0
199,10,2
199,11,1
199,12,2
199,13,0
199,14,0
199,15,1
199,16,0
199,17,2
199,18,0
199,19,2
199,20,2
199,21,0
199,22,1
199,23,0
199,24,0
199,25,0
199,26,2
199,27,2
199,28,2
199,29,2
199,30,2
199,31,2
199,32,2
199,33,2
199,34,2
199,35,0
199,36,0
199,37,0
199,38,0
199,39,1
199,40,1
199,41,2
199,42,2
199,43,0
199,44,1
199,45,2
199,46,1
199,47,1
199,48,2
199,49,2
199,50,0
200,1,1
200,2,2
200,3,0
200,4,0
200,5,2
200,6,1
200,7,1
200,8,1
200,9,1
200,10,2
200,11,2
200,12,2
200,13,0
200,14,0
200,15,1
200,16,1
200,17,1
200,18,1
200,19,1
200,20,2
200,21,2
200,22,0
200,23,1
200,24,0
200,25,0
200,26,2
200,27,2
200,28,2
200,29,1
200,30,0
200,31,2
200,32,2
200,33,1
200,34,1
200,35,2
200,36,2
200,37,2
200,38,0
200,39,2
200,40,1
200,41,2
200,42,2
200,43,0
200,44,0
200,45,0
200,46,0
200,47,0
200,48,0
200,49,0
200,50,0
201,1,0
201,2,1
201,3,2
201,4,0
201,5,0
201,6,0
201,7,1
201,8,1
201,9,1
201,10,2
201,11,2
201,12,2
201,13,0
201,14,1
201,15,2
201,16,0
201,17,0
201,18,0
201,19,1
201,20,1
201,21,1
201,22,2
201,23,2
201,24,2
201,25,0
201,26,0
201,27,0
201,28,1
201,29,1
201,30,1
201,31,0
201,32,0
201,33,0
201,34,1
201,35,1
201,36,1
201,37,1
201,38,1
201,39,1
201,40,0
201,41,0
201,42,0
201,43,1
201,44,1
201,45,1
201,46,1
201,47,1
201,48,1
201,49,2
201,50,2
202,1,0
202,2,1
202,3,1
202,4,1
202,5,2
202,6,2
202,7,0
202,8,1
202,9,0
202,10,1
202,11,2
202,12,1
202,13,1
202,14,0
202,15,0
202,16,2
202,17,1
202,18,0
202,19,2
202,20,1
202,21,2
202,22,0
202,23,1
202,24,1
202,25,2
202,26,0
202,27,1
202,28,2
202,29,1
202,30,2
202,31,0
202,32,1
202,33,2
202,34,0
202,35,1
202,36,2
202,37,0
202,38,1
202,39,2
202,40,0
202,41,1
202,42,0
202,43,1
202,44,2
202,45,1
202,46,0
202,47,0
202,48,1
202,49,1
202,50,2
203,1,0
203,2,1
203,3,2
203,4,0
203,5,2
203,6,2
203,7,1
203,8,2
203,9,2
203,10,1
203,11,2
203,12,0
203,13,0
203,14,2
203,15,1
203,16,0
203,17,0
203,18,2
203,19,1
203,20,2
203,21,0
203,22,0
203,23,1
203,24,1
203,25,2
203,26,1
203,27,0
203,28,1
203,29,1
203,30,2
203,31,1
203,32,2
203,33,2
203,34,2
203,35,1
203,36,1
203,37,0
203,38,2
203,39,1
203,40,1
203,41,2
203,42,1
203,43,2
203,44,2
203,45,0
203,46,1
203,47,1
203,48,2
203,49,2
203,50,0
204,1,1
204,2,0
204,3,0
204,4,1
204,5,2
204,6,2
204,7,0
204,8,1
204,9,1
204,10,0
204,11,1
204,12,2
204,13,2
204,14,2
204,15,0
204,16,0
204,17,1
204,18,0
204,19,0
204,20,2
204,21,0
204,22,0
204,23,0
204,24,1
204,25,0
204,26,1
204,27,2
204,28,2
204,29,0
204,30,1
204,31,0
204,32,1
204,33,0
204,34,0
204,35,0
204,36,0
204,37,0
204,38,2
204,39,1
204,40,2
204,41,1
204,42,2
204,43,0
204,44,1
204,45,2
204,46,2
204,47,0
204,48,0
204,49,1
204,50,1
205,1,0
205,2,0
205,3,1
205,4,0
205,5,2
205,6,1
205,7,2
205,8,0
205,9,0
205,10,0
205,11,1
205,12,0
205,13,2
205,14,2
205,15,1
205,16,1
205,17,2
205,18,0
205,19,1
205,20,0
205,21,2
205,22,1
205,23,1
205,24,2
205,25,0
205,26,1
205,27,1
205,28,0
205,29,0
205,30,2
205,31,1
205,32,2
205,33,0
205,34,0
205,35,1
205,36,0
205,37,1
205,38,0
205,39,2
205,40,1
205,41,0
205,42,1
205,43,0
205,44,2
205,45,1
205,46,1
205,47,0
205,48,2
205,49,0
205,50,0
206,1,1
206,2,1
206,3,2
206,4,0
206,5,0
206,6,0
206,7,0
206,8,0
206,9,2
206,10,1
206,11,2
206,12,0
206,13,1
206,14,1
206,15,1
206,16,1
206,17,0
206,18,0
206,19,2
206,20,1
206,21,1
206,22,2
206,23,0
206,24,0
206,25,2
206,26,2
206,27,1
206,28,0
206,29,0
206,30,0
206,31,0
206,32,2
206,33,1
206,34,2
206,35,2
206,36,2
206,37,0
206,38,0
206,39,2
206,40,1
206,41,0
206,42,1
206,43,1
206,44,1
206,45,2
206,46,2
206,47,2
206,48,1
206,49,0
206,50,2
207,1,1
207,2,1
207,3,2
207,4,0
207,5,0
207,6,1
207,7,0
207,8,0
207,9,0
207,10,2
207,11,2
207,12,1
207,13,1
207,14,0
207,15,2
207,16,2
207,17,0
207,18,2
207,19,2
207,20,2
207,21,2
207,22,2
207,23,1
207,24,1
207,25,2
207,26,2
207,27,2
207,28,0
207,29,2
207,30,2
207,31,1
207,32,2
207,33,2
207,34,0
207,35,0
207,36,2
207,37,2
207,38,1
207,39,2
207,40,1
207,41,0
207,42,2
207,43,0
207,44,2
207,45,2
207,46,0
207,47,0
207,48,2
207,49,0
207,50,0
208,1,2
208,2,1
208,3,0
208,4,2
208,5,2
208,6,2
208,7,1
208,8,2
208,9,2
208,10,0
208,11,1
208,12,2
208,13,0
208,14,2
208,15,1
208,16,0
208,17,1
208,18,2
208,19,1
208,20,0
208,21,2
208,22,2
208,23,1
208,24,0
208,25,0
208,26,2
208,27,1
208,28,1
208,29,2
208,30,2
208,31,1
208,32,2
208,33,1
208,34,2
208,35,0
208,36,2
208,37,0
208,38,2
208,39,1
208,40,0
208,41,2
208,42,0
208,43,2
208,44,1
208,45,0
208,46,2
208,47,2
208,48,1
208,49,2
208,50,2
209,1,2
209,2,1
209,3,2
209,4,0
209,5,1
209,6,2
209,7,0
209,8,1
209,9,2
209,10,0
209,11,0
209,12,1
209,13,2
209,14,2
209,15,2
209,16,1
209,17,2
209,18,0
209,19,0
209,20,1
209,21,1
209,22,1
209,23,2
209,24,0
209,25,1
209,26,0
209,27,2
209,28,1
209,29,0
209,30,1
209,31,2
209,32,0
209,33,1
209,34,1
209,35,1
209,36,0
209,37,2
209,38,0
209,39,1
209,40,2
209,41,0
209,42,0
209,43,2
209,44,0
209,45,2
209,46,0
209,47,1
209,48,0
209,49,2
209,50,0
210,1,1
210,2,2
210,3,1
210,4,0
210,5,0
210,6,2
210,7,2
210,8,1
210,9,1
210,10,1
210,11,2
210,12,2
210,13,2
210,14,2
210,15,1
210,16,1
210,17,1
210,18,1
210,19,0
210,20,0
210,21,1
210,22,1
210,23,2
210,24,2
210,25,0
210,26,0
210,27,1
210,28,0
210,29,0
210,30,2
210,31,0
210,32,2
210,33,1
210,34,0
210,35,1
210,36,2
210,37,2
210,38,1
210,39,0
210,40,0
210,41,0
210,42,2
210,43,1
210,44,1
210,45,0
210,46,2
210,47,1
210,48,1
210,49,0
210,50,1
211,1,0
211,2,2
211,3,0
211,4,1
211,5,1
211,6,2
211,7,0
211,8,1
211,9,0
211,10,2
211,11,2
211,12,0
211,13,0
211,14,0
211,15,1
211,16,2
211,17,0
211,18,1
211,19,1
211,20,0
211,21,2
211,22,1
211,23,0
211,24,1
211,25,0
211,26,2
211,27,0
211,28,2
211,29,0
211,30,1
211,31,1
211,32,2
211,33,0
211,34,2
211,35,0
211,36,0
211,37,2
211,38,1
211,39,1
211,40,2
211,41,0
211,42,0
211,43,2
211,44,1
211,45,2
211,46,0
211,47,0
211,48,1
211,49,2
211,50,2
212,1,0
212,2,1
212,3,2
212,4,0
212,5,1
212,6,0
212,7,1
212,8,1
212,9,2
212,10,2
212,11,0
212,12,1
212,13,0
212,14,2
212,15,2
212,16,2
212,17,2
212,18,2
212,19,2
212,20,2
212,21,2
212,22,2
212,23,2
212,24,1
212,25,1
212,26,1
212,27,2
212,28,2
212,29,1
212,30,1
212,31,0
212,32,2
212,33,1
212,34,0
212,35,2
212,36,1
212,37,0
212,38,2
212,39,1
212,40,2
212,41,1
212,42,2
212,43,0
212,44,1
212,45,2
212,46,2
212,47,2
212,48,1
212,49,0
212,50,2
213,1,1
213,2,1
213,3,2
213,4,2
213,5,2
213,6,1
213,7,0
213,8,2
213,9,2
213,10,0
213,11,1
213,12,2
213,13,2
213,14,0
213,15,0
213,16,0
213,17,2
213,18,2
213,19,0
213,20,1
213,21,0
213,22,2
213,23,1
213,24,0
213,25,2
213,26,2
213,27,1
213,28,2
213,29,0
213,30,1
213,31,2
213,32,0
213,33,1
213,34,2
213,35,0
213,36,2
213,37,2
213,38,2
213,39,2
213,40,0
213,41,0
213,42,1
213,43,2
213,44,2
213,45,2
213,46,0
213,47,0
213,48,2
213,49,2
213,50,1
214,1,0
214,2,1
214,3,2
214,4,2
214,5,1
214,6,1
214,7,1
214,8,1
214,9,0
214,10,2
214,11,2
214,12,2
214,13,1
214,14,1
214,15,0
214,16,1
214,17,1
214,18,2
214,19,0
214,20,1
214,21,1
214,22,0
214,23,0
214,24,0
214,25,1
214,26,2
214,27,1
214,28,1
214,29,0
214,30,2
214,31,1
214,32,1
214,33,2
214,34,0
214,35,0
214,36,2
214,37,2
214,38,1
214,39,1
214,40,2
214,41,2
214,42,0
214,43,0
214,44,0
214,45,2
214,46,1
214,47,2
214,48,2
214,49,1
214,50,0
215,1,1
215,2,0
215,3,0
215,4,0
215,5,2
215,6,1
215,7,1
215,8,2
215,9,2
215,10,0
215,11,1
215,12,1
215,13,0
215,14,2
215,15,2
215,16,1
215,17,2
215,18,0
215,19,1
215,20,0
215,21,1
215,22,2
215,23,1
215,24,0
215,25,2
215,26,1
215,27,1
215,28,2
215,29,0
215,30,0
215,31,1
215,32,2
215,33,1
215,34,0
215,35,2
215,36,1
215,37,0
215,38,1
215,39,0
215,40,2
215,41,1
215,42,0
215,43,2
215,44,1
215,45,2
215,46,1
215,47,0
215,48,1
215,49,2
215,50,0
216,1,1
216,2,1
216,3,2
216,4,0
216,5,0
216,6,0
216,7,1
216,8,1
216,9,2
216,10,2
216,11,2
216,12,1
216,13,1
216,14,1
216,15,1
216,16,0
216,17,0
216,18,2
216,19,1
216,20,1
216,21,0
216,22,2
216,23,1
216,24,1
216,25,2
216,26,2
216,27,0
216,28,0
216,29,1
216,30,1
216,31,1
216,32,2
216,33,0
216,34,0
216,35,0
216,36,0
216,37,2
216,38,2
216,39,1
216,40,1
216,41,1
216,42,1
216,43,0
216,44,2
216,45,2
216,46,2
216,47,2
216,48,1
216,49,1
216,50,0
217,1,1
217,2,2
217,3,1
217,4,0
217,5,0
217,6,1
217,7,0
217,8,2
217,9,2
217,10,0
217,11,1
217,12,2
217,13,2
217,14,2
217,15,1
217,16,0
217,17,0
217,18,1
217,19,0
217,20,0
217,21,2
217,22,1
217,23,0
217,24,0
217,25,1
217,26,2
217,27,1
217,28,1
217,29,2
217,30,0
217,31,2
217,32,1
217,33,0
217,34,2
217,35,1
217,36,0
217,37,2
217,38,1
217,39,0
217,40,1
217,41,2
217,42,1
217,43,0
217,44,1
217,45,1
217,46,1
217,47,0
217,48,0
217,49,2
217,50,1
218,1,1
218,2,0
218,3,2
218,4,2
218,5,0
218,6,1
218,7,1
218,8,2
218,9,2
218,10,1
218,11,1
218,12,2
218,13,1
218,14,0
218,15,2
218,16,0
218,17,0
218,18,1
218,19,2
218,20,2
218,21,0
218,22,1
218,23,2
218,24,1
218,25,1
218,26,1
218,27,1
218,28,1
218,29,1
218,30,1
218,31,2
218,32,1
218,33,1
218,34,1
218,35,2
218,36,2
218,37,0
218,38,1
218,39,0
218,40,2
218,41,0
218,42,1
218,43,0
218,44,2
218,45,0
218,46,0
218,47,0
218,48,1
218,49,0
218,50,0
219,1,0
219,2,2
219,3,1
219,4,2
219,5,2
219,6,1
219,7,0
219,8,2
219,9,2
219,10,1
219,11,2
219,12,2
219,13,0
219,14,2
219,15,0
219,16,1
219,17,1
219,18,2
219,19,1
219,20,0
219,21,2
219,22,0
219,23,0
219,24,0
219,25,0
219,26,1
219,27,1
219,28,2
219,29,2
219,30,0
219,31,1
219,32,1
219,33,2
219,34,0
219,35,1
219,36,1
219,37,2
219,38,0
219,39,0
219,40,0
219,41,2
219,42,2
219,43,2
219,44,2
219,45,2
219,46,0
219,47,2
219,48,1
219,49,1
219,50,2
220,1,0
220,2,1
220,3,0
220,4,2
220,5,0
220,6,1
220,7,1
220,8,2
220,9,2
220,10,0
220,11,0
220,12,1
220,13,0
220,14,2
220,15,1
220,16,0
220,17,0
220,18,2
220,19,2
220,20,1
220,21,0
220,22,2
220,23,0
220,24,1
220,25,0
220,26,2
220,27,1
220,28,0
220,29,2
220,30,2
220,31,1
220,32,0
220,33,2
220,34,1
220,35,0
220,36,1
220,37,2
220,38,0
220,39,1
220,40,0
220,41,2
220,42,1
220,43,2
220,44,1
220,45,0
220,46,1
220,47,2
220,48,0
220,49,1
220,50,0
221,1,1
221,2,2
221,3,0
221,4,1
221,5,1
221,6,2
221,7,1
221,8,1
221,9,1
221,10,1
221,11,0
221,12,1
221,13,2
221,14,2
221,15,2
221,16,1
221,17,2
221,18,2
221,19,2
221,20,2
221,21,2
221,22,2
221,23,1
221,24,1
221,25,1
221,26,1
221,27,1
221,28,0
221,29,0
221,30,1
221,31,0
221,32,2
221,33,0
221,34,2
221,35,0
221,36,1
221,37,2
221,38,1
221,39,2
221,40,1
221,41,0
221,42,1
221,43,1
221,44,2
221,45,1
221,46,1
221,47,0
221,48,1
221,49,2
221,50,1
222,1,1
222,2,2
222,3,0
222,4,0
222,5,1
222,6,1
222,7,1
222,8,0
222,9,0
222,10,1
222,11,1
222,12,2
222,13,1
222,14,1
222,15,2
222,16,1
222,17,0
222,18,1
222,19,1
222,20,0
222,21,1
222,22,0
222,23,0
222,24,2
222,25,1
222,26,2
222,27,1
222,28,1
222,29,0
222,30,1
222,31,2
222,32,0
222,33,1
222,34,0
222,35,1
222,36,1
222,37,2
222,38,1
222,39,0
222,40,0
222,41,1
222,42,2
222,43,1
222,44,0
222,45,0
222,46,1
222,47,2
222,48,2
222,49,1
222,50,2
223,1,1
223,2,0
223,3,1
223,4,1
223,5,1
223,6,2
223,7,2
223,8,2
223,9,2
223,10,0
223,11,0
223,12,0
223,13,1
223,14,1
223,15,2
223,16,2
223,17,2
223,18,2
223,19,2
223,20,1
223,21,1
223,22,1
223,23,1
223,24,0
223,25,0
223,26,1
223,27,0
223,28,1
223,29,0
223,30,0
223,31,0
223,32,1
223,33,0
223,34,1
223,35,1
223,36,1
223,37,1
223,38,1
223,39,2
223,40,2
223,41,2
223,42,0
223,43,2
223,44,0
223,45,2
223,46,0
223,47,2
223,48,1
223,49,2
223,50,0
224,1,0
224,2,1
224,3,2
224,4,0
224,5,2
224,6,1
224,7,1
224,8,0
224,9,1
224,10,2
224,11,2
224,12,1
224,13,0
224,14,1
224,15,2
224,16,0
224,17,0
224,18,1
224,19,2
224,20,2
224,21,1
224,22,0
224,23,1
224,24,1
224,25,1
224,26,0
224,27,2
224,28,2
224,29,2
224,30,0
224,31,1
224,32,1
224,33,1
224,34,0
224,35,1
224,36,1
224,37,2
224,38,2
224,39,2
224,40,0
224,41,0
224,42,2
224,43,1
224,44,0
224,45,0
224,46,0
224,47,1
224,48,2
224,49,1
224,50,2
225,1,0
225,2,1
225,3,1
225,4,2
225,5,2
225,6,2
225,7,0
225,8,0
225,9,1
225,10,1
225,11,1
225,12,1
225,13,1
225,14,1
225,15,1
225,16,1
225,17,1
225,18,1
225,19,1
225,20,1
225,21,2
225,22,2
225,23,2
225,24,2
225,25,2
225,26,2
225,27,2
225,28,2
225,29,2
225,30,2
225,31,2
225,32,2
225,33,2
225,34,0
225,35,0
225,36,0
225,37,0
225,38,0
225,39,0
225,40,1
225,41,1
225,42,1
225,43,1
225,44,2
225,45,2
225,46,2
225,47,0
225,48,0
225,49,0
225,50,0
226,1,1
226,2,2
226,3,2
226,4,0
226,5,1
226,6,2
226,7,2
226,8,1
226,9,1
226,10,0
226,11,0
226,12,1
226,13,2
226,14,2
226,15,2
226,16,2
226,17,2
226,18,2
226,19,0
226,20,0
226,21,1
226,22,1
226,23,1
226,24,0
226,25,1
226,26,1
226,27,1
226,28,1
226,29,0
226,30,2
226,31,2
226,32,0
226,33,0
226,34,0
226,35,0
226,36,2
226,37,1
226,38,0
226,39,0
226,40,2
226,41,0
226,42,2
226,43,2
226,44,1
226,45,1
226,46,1
226,47,1
226,48,2
226,49,2
226,50,2
227,1,0
227,2,1
227,3,2
227,4,1
227,5,2
227,6,0
227,7,0
227,8,0
227,9,0
227,10,0
227,11,2
227,12,2
227,13,1
227,14,1
227,15,1
227,16,1
227,17,1
227,18,2
227,19,2
227,20,0
227,21,0
227,22,1
227,23,1
227,24,2
227,25,2
227,26,0
227,27,0
227,28,1
227,29,2
227,30,1
227,31,2
227,32,0
227,33,0
227,34,0
227,35,0
227,36,2
227,37,1
227,38,0
227,39,2
227,40,1
227,41,1
227,42,2
227,43,2
227,44,2
227,45,2
227,46,1
227,47,1
227,48,1
227,49,1
227,50,0
228,1,0
228,2,1
228,3,2
228,4,2
228,5,2
228,6,2
228,7,1
228,8,0
228,9,2
228,10,1
228,11,0
228,12,1
228,13,2
228,14,2
228,15,1
228,16,0
228,17,1
228,18,2
228,19,1
228,20,0
228,21,1
228,22,2
228,23,1
228,24,0
228,25,2
228,26,1
228,27,2
228,28,1
228,29,0
228,30,2
228,31,1
228,32,2
228,33,0
228,34,1
228,35,2
228,36,1
228,37,2
228,38,2
228,39,2
228,40,1
228,41,0
228,42,1
228,43,2
228,44,2
228,45,1
228,46,0
228,47,0
228,48,0
228,49,0
228,50,0
229,1,1
229,2,2
229,3,0
229,4,1
229,5,1
229,6,1
229,7,2
229,8,0
229,9,1
229,10,0
229,11,0
229,12,0
229,13,2
229,14,1
229,15,2
229,16,0
229,17,1
229,18,0
229,19,0
229,20,0
229,21,1
229,22,2
229,23,0
229,24,1
229,25,1
229,26,1
229,27,2
229,28,0
229,29,1
229,30,2
229,31,0
229,32,1
229,33,2
229,34,2
229,35,2
229,36,2
229,37,1
229,38,0
229,39,1
229,40,2
229,41,1
229,42,1
229,43,1
229,44,1
229,45,1
229,46,1
229,47,2
229,48,0
229,49,1
229,50,0
230,1,0
230,2,2
230,3,2
230,4,1
230,5,0
230,6,1
230,7,0
230,8,2
230,9,1
230,10,2
230,11,0
230,12,0
230,13,2
230,14,1
230,15,1
230,16,0
230,17,0
230,18,0
230,19,2
230,20,2
230,21,1
230,22,0
230,23,2
230,24,0
230,25,0
230,26,1
230,27,1
230,28,2
230,29,1
230,30,0
230,31,1
230,32,1
230,33,0
230,34,2
230,35,2
230,36,0
230,37,0
230,38,1
230,39,0
230,40,2
230,41,1
230,42,1
230,43,0
230,44,2
230,45,2
230,46,1
230,47,0
230,48,1
230,49,1
230,50,0
231,1,1
231,2,0
231,3,2
231,4,1
231,5,2
231,6,0
231,7,1
231,8,0
231,9,2
231,10,0
231,11,1
231,12,0
231,13,2
231,14,2
231,15,0
231,16,1
231,17,1
231,18,0
231,19,0
231,20,2
231,21,1
231,22,2
231,23,0
231,24,1
231,25,1
231,26,2
231,27,2
231,28,2
231,29,0
231,30,0
231,31,0
231,32,2
231,33,0
231,34,2
231,35,1
231,36,0
231,37,2
231,38,2
231,39,2
231,40,1
231,41,1
231,42,0
231,43,1
231,44,0
231,45,1
231,46,2
231,47,0
231,48,1
231,49,2
231,50,2
232,1,2
232,2,2
232,3,2
232,4,0
232,5,0
232,6,1
232,7,2
232,8,1
232,9,1
232,10,1
232,11,0
232,12,2
232,13,1
232,14,0
232,15,0
232,16,2
232,17,1
232,18,1
232,19,1
232,20,2
232,21,2
232,22,0
232,23,0
232,24,2
232,25,1
232,26,0
232,27,2
232,28,2
232,29,2
232,30,2
232,31,2
232,32,2
232,33,2
232,34,2
232,35,2
232,36,2
232,37,2
232,38,2
232,39,1
232,40,1
232,41,2
232,42,0
232,43,2
232,44,2
232,45,2
232,46,1
232,47,2
232,48,2
232,49,1
232,50,0
233,1,0
233,2,2
233,3,1
233,4,2
233,5,0
233,6,0
233,7,2
233,8,1
233,9,1
233,10,2
233,11,0
233,12,1
233,13,0
233,14,2
233,15,1
233,16,2
233,17,0
233,18,1
233,19,0
233,20,2
233,21,1
233,22,0
233,23,0
233,24,0
233,25,2
233,26,1
233,27,0
233,28,1
233,29,1
233,30,2
233,31,1
233,32,2
233,33,2
233,34,0
233,35,1
233,36,0
233,37,2
233,38,1
233,39,0
233,40,0
233,41,2
233,42,1
233,43,2
233,44,0
233,45,0
233,46,1
233,47,0
233,48,2
233,49,1
233,50,1
234,1,1
234,2,0
234,3,2
234,4,2
234,5,0
234,6,2
234,7,0
234,8,0
234,9,0
234,10,0
234,11,1
234,12,0
234,13,1
234,14,0
234,15,2
234,16,2
234,17,0
234,18,2
234,19,1
234,20,0
234,21,0
234,22,1
234,23,1
234,24,2
234,25,0
234,26,1
234,27,1
234,28,2
234,29,0
234,30,1
234,31,0
234,32,0
234,33,0
234,34,1
234,35,1
234,36,1
234,37,0
234,38,0
234,39,0
234,40,2
234,41,1
234,42,2
234,43,2
234,44,2
234,45,2
234,46,1
234,47,1
234,48,2
234,49,2
234,50,2
235,1,0
235,2,1
235,3,2
235,4,0
235,5,0
235,6,1
235,7,1
235,8,2
235,9,2
235,10,0
235,11,1
235,12,1
235,13,2
235,14,2
235,15,2
235,16,2
235,17,0
235,18,0
235,19,1
235,20,0
235,21,1
235,22,0
235,23,1
235,24,1
235,25,2
235,26,2
235,27,1
235,28,1
235,29,0
235,30,0
235,31,2
235,32,0
235,33,2
235,34,1
235,35,1
235,36,2
235,37,1
235,38,0
235,39,2
235,40,1
235,41,0
235,42,1
235,43,1
235,44,2
235,45,2
235,46,0
235,47,0
235,48,1
235,49,2
235,50,1
236,1,1
236,2,0
236,3,0
236,4,1
236,5,2
236,6,0
236,7,1
236,8,0
236,9,0
236,10,0
236,11,0
236,12,2
236,13,2
236,14,2
236,15,2
236,16,0
236,17,1
236,18,1
236,19,0
236,20,0
236,21,2
236,22,2
236,23,2
236,24,0
236,25,1
236,26,0
236,27,2
236,28,2
236,29,2
236,30,2
236,31,0
236,32,1
236,33,1
236,34,0
236,35,0
236,36,1
236,37,0
236,38,1
236,39,2
236,40,0
236,41,1
236,42,2
236,43,0
236,44,1
236,45,0
236,46,1
236,47,2
236,48,0
236,49,1
236,50,2
237,1,0
237,2,2
237,3,0
237,4,0
237,5,0
237,6,2
237,7,1
237,8,1
237,9,1
237,10,1
237,11,0
237,12,1
237,13,2
237,14,0
237,15,0
237,16,0
237,17,0
237,18,1
237,19,2
237,20,0
237,21,1
237,22,2
237,23,0
237,24,1
237,25,2
237,26,0
237,27,1
237,28,0
237,29,1
237,30,2
237,31,1
237,32,0
237,33,1
237,34,2
237,35,1
237,36,0
237,37,1
237,38,2
237,39,2
237,40,2
237,41,2
237,42,2
237,43,2
237,44,0
237,45,0
237,46,0
237,47,0
237,48,0
237,49,0
237,50,1
238,1,1
238,2,2
238,3,0
238,4,1
238,5,2
238,6,0
238,7,2
238,8,2
238,9,1
238,10,2
238,11,0
238,12,0
238,13,0
238,14,1
238,15,2
238,16,2
238,17,0
238,18,1
238,19,2
238,20,0
238,21,0
238,22,0
238,23,2
238,24,0
238,25,1
238,26,2
238,27,2
238,28,0
238,29,1
238,30,0
238,31,0
238,32,2
238,33,1
238,34,2
238,35,2
238,36,0
238,37,0
238,38,2
238,39,0
238,40,2
238,41,0
238,42,2
238,43,1
238,44,1
238,45,1
238,46,1
238,47,1
238,48,0
238,49,2
238,50,2
239,1,0
239,2,1
239,3,1
239,4,2
239,5,1
239,6,2
239,7,2
239,8,2
239,9,2
239,10,1
239,11,1
239,12,2
239,13,2
239,14,1
239,15,1
239,16,0
239,17,2
239,18,1
239,19,2
239,20,2
239,21,1
239,22,1
239,23,0
239,24,2
239,25,0
239,26,0
239,27,0
239,28,0
239,29,0
239,30,2
239,31,1
239,32,0
239,33,1
239,34,2
239,35,0
239,36,2
239,37,1
239,38,2
239,39,0
239,40,0
239,41,0
239,42,0
239,43,0
239,44,0
239,45,0
239,46,0
239,47,1
239,48,1
239,49,1
239,50,2
240,1,0
240,2,1
240,3,2
240,4,1
240,5,0
240,6,2
240,7,0
240,8,1
240,9,2
240,10,1
240,11,0
240,12,1
240,13,0
240,14,2
240,15,0
240,16,1
240,17,0
240,18,2
240,19,1
240,20,0
240,21,0
240,22,0
240,23,2
240,24,1
240,25,0
240,26,0
240,27,2
240,28,1
240,29,1
240,30,1
240,31,1
240,32,2
240,33,0
240,34,1
240,35,2
240,36,0
240,37,2
240,38,1
240,39,0
240,40,2
240,41,0
240,42,2
240,43,1
240,44,0
240,45,2
240,46,1
240,47,1
240,48,1
240,49,2
240,50,0
241,1,1
241,2,0
241,3,1
241,4,2
241,5,2
241,6,0
241,7,1
241,8,1
241,9,0
241,10,2
241,11,0
241,12,1
241,13,2
241,14,1
241,15,1
241,16,0
241,17,0
241,18,2
241,19,2
241,20,1
241,21,0
241,22,1
241,23,0
241,24,2
241,25,1
241,26,1
241,27,2
241,28,0
241,29,0
241,30,1
241,31,2
241,32,1
241,33,0
241,34,1
241,35,2
241,36,0
241,37,0
241,38,2
241,39,0
241,40,2
241,41,1
241,42,2
241,43,2
241,44,2
241,45,2
241,46,0
241,47,0
241,48,2
241,49,0
241,50,2
242,1,2
242,2,2
242,3,2
242,4,0
242,5,0
242,6,0
242,7,0
242,8,1
242,9,1
242,10,1
242,11,1
242,12,1
242,13,1
242,14,2
242,15,2
242,16,2
242,17,2
242,18,0
242,19,0
242,20,0
242,21,0
242,22,1
242,23,1
242,24,1
242,25,1
242,26,2
242,27,2
242,28,0
242,29,0
242,30,0
242,31,0
242,32,0
242,33,1
242,34,1
242,35,0
242,36,0
242,37,2
242,38,2
242,39,2
242,40,1
242,41,1
242,42,1
242,43,1
242,44,0
242,45,2
242,46,0
242,47,0
242,48,1
242,49,2
242,50,1
243,1,1
243,2,0
243,3,2
243,4,2
243,5,1
243,6,0
243,7,0
243,8,0
243,9,2
243,10,1
243,11,0
243,12,0
243,13,0
243,14,2
243,15,1
243,16,2
243,17,0
243,18,2
243,19,2
243,20,1
243,21,0
243,22,0
243,23,1
243,24,2
243,25,0
243,26,1
243,27,1
243,28,2
243,29,2
243,30,0
243,31,2
243,32,2
243,33,0
243,34,1
243,35,1
243,36,1
243,37,2
243,38,2
243,39,0
243,40,2
243,41,1
243,42,1
243,43,1
243,44,0
243,45,0
243,46,2
243,47,1
243,48,1
243,49,2
243,50,0
244,1,1
244,2,2
244,3,2
244,4,2
244,5,2
244,6,2
244,7,2
244,8,0
244,9,1
244,10,0
244,11,2
244,12,2
244,13,2
244,14,0
244,15,2
244,16,1
244,17,1
244,18,0
244,19,2
244,20,1
244,21,2
244,22,0
244,23,0
244,24,0
244,25,0
244,26,0
244,27,1
244,28,2
244,29,2
244,30,2
244,31,1
244,32,0
244,33,2
244,34,0
244,35,1
244,36,0
244,37,2
244,38,1
244,39,0
244,40,2
244,41,2
244,42,2
244,43,1
244,44,2
244,45,2
244,46,0
244,47,0
244,48,2
244,49,2
244,50,2
245,1,2
245,2,0
245,3,2
245,4,2
245,5,2
245,6,1
245,7,1
245,8,2
245,9,0
245,10,0
245,11,1
245,12,1
245,13,0
245,14,2
245,15,0
245,16,0
245,17,1
245,18,0
245,19,0
245,20,1
245,21,2
245,22,2
245,23,0
245,24,1
245,25,1
245,26,1
245,27,1
245,28,0
245,29,0
245,30,1
245,31,2
245,32,1
245,33,2
245,34,2
245,35,0
245,36,2
245,37,1
245,38,2
245,39,0
245,40,0
245,41,1
245,42,2
245,43,0
245,44,0
245,45,1
245,46,1
245,47,2
245,48,0
245,49,0
245,50,2
246,1,0
246,2,1
246,3,1
246,4,2
246,5,0
246,6,0
246,7,0
246,8,1
246,9,0
246,10,2
246,11,0
246,12,2
246,13,1
246,14,0
246,15,0
246,16,0
246,17,1
246,18,1
246,19,2
246,20,0
246,21,1
246,22,2
246,23,0
246,24,0
246,25,0
246,26,1
246,27,2
246,28,2
246,29,1
246,30,0
246,31,2
246,32,2
246,33,1
246,34,0
246,35,0
246,36,2
246,37,1
246,38,1
246,39,1
246,40,0
246,41,2
246,42,2
246,43,1
246,44,0
246,45,2
246,46,0
246,47,1
246,48,0
246,49,2
246,50,1
247,1,1
247,2,0
247,3,2
247,4,1
247,5,0
247,6,1
247,7,1
247,8,0
247,9,2
247,10,1
247,11,0
247,12,2
247,13,1
247,14,0
247,15,1
247,16,1
247,17,2
247,18,0
247,19,1
247,20,1
247,21,0
247,22,2
247,23,1
247,24,1
247,25,0
247,26,0
247,27,2
247,28,1
247,29,0
247,30,2
247,31,2
247,32,2
247,33,2
247,34,2
247,35,1
247,36,0
247,37,0
247,38,0
247,39,1
247,40,1
247,41,2
247,42,2
247,43,1
247,44,0
247,45,0
247,46,0
247,47,0
247,48,1
247,49,1
247,50,0
248,1,0
248,2,1
248,3,2
248,4,0
248,5,1
248,6,2
248,7,0
248,8,1
248,9,2
248,10,0
248,11,1
248,12,2
248,13,0
248,14,1
248,15,2
248,16,0
248,17,1
248,18,2
248,19,0
248,20,1
248,21,2
248,22,0
248,23,1
248,24,2
248,25,0
248,26,1
248,27,2
248,28,0
248,29,1
248,30,2
248,31,0
248,32,1
248,33,2
248,34,0
248,35,1
248,36,2
248,37,0
248,38,1
248,39,2
248,40,0
248,41,1
248,42,2
248,43,0
248,44,1
248,45,2
248,46,0
248,47,1
248,48,2
248,49,0
248,50,1
249,1,0
249,2,2
249,3,1
249,4,2
249,5,2
249,6,2
249,7,2
249,8,1
249,9,2
249,10,1
249,11,2
249,12,1
249,13,2
249,14,1
249,15,0
249,16,0
249,17,1
249,18,2
249,19,1
249,20,0
249,21,1
249,22,0
249,23,1
249,24,2
249,25,1
249,26,1
249,27,0
249,28,1
249,29,2
249,30,1
249,31,0
249,32,0
249,33,1
249,34,1
249,35,2
249,36,2
249,37,1
249,38,1
249,39,0
249,40,0
249,41,0
249,42,0
249,43,1
249,44,1
249,45,1
249,46,2
249,47,2
249,48,1
249,49,0
249,50,1
250,1,0
250,2,1
250,3,2
250,4,1
250,5,0
250,6,2
250,7,0
250,8,1
250,9,1
250,10,2
250,11,1
250,12,0
250,13,2
250,14,1
250,15,1
250,16,2
250,17,0
250,18,2
250,19,0
250,20,1
250,21,1
250,22,1
250,23,1
250,24,1
250,25,1
250,26,1
250,27,2
250,28,2
250,29,2
250,30,1
250,31,1
250,32,1
250,33,0
250,34,0
250,35,2
250,36,1
250,37,1
250,38,2
250,39,0
250,40,1
250,41,2
250,42,0
250,43,1
250,44,2
250,45,1
250,46,1
250,47,2
250,48,0
250,49,1
250,50,1
251,1,1
251,2,0
251,3,2
251,4,2
251,5,1
251,6,0
251,7,2
251,8,1
251,9,1
251,10,0
251,11,2
251,12,2
251,13,1
251,14,0
251,15,0
251,16,0
251,17,0
251,18,1
251,19,2
251,20,1
251,21,2
251,22,0
251,23,1
251,24,2
251,25,2
251,26,0
251,27,1
251,28,2
251,29,2
251,30,1
251,31,0
251,32,0
251,33,1
251,34,2
251,35,1
251,36,0
251,37,1
251,38,2
251,39,1
251,40,1
251,41,0
251,42,2
251,43,1
251,44,1
251,45,0
251,46,2
251,47,1
251,48,0
251,49,1
251,50,2
252,1,2
252,2,0
252,3,1
252,4,0
252,5,2
252,6,1
252,7,1
252,8,2
252,9,2
252,10,0
252,11,0
252,12,1
252,13,0
252,14,2
252,15,1
252,16,0
252,17,2
252,18,1
252,19,1
252,20,2
252,21,0
252,22,2
252,23,1
252,24,0
252,25,2
252,26,1
252,27,0
252,28,2
252,29,2
252,30,1
252,31,0
252,32,1
252,33,2
252,34,2
252,35,1
252,36,0
252,37,1
252,38,0
252,39,2
252,40,1
252,41,0
252,42,2
252,43,1
252,44,0
252,45,2
252,46,1
252,47,0
252,48,2
252,49,1
252,50,2
253,1,0
253,2,0
253,3,2
253,4,0
253,5,0
253,6,1
253,7,0
253,8,2
253,9,1
253,10,1
253,11,0
253,12,1
253,13,1
253,14,2
253,15,1
253,16,2
253,17,2
253,18,0
253,19,1
253,20,2
253,21,0
253,22,1
253,23,0
253,24,2
253,25,1
253,26,2
253,27,0
253,28,2
253,29,1
253,30,0
253,31,2
253,32,1
253,33,2
253,34,0
253,35,1
253,36,2
253,37,1
253,38,1
253,39,2
253,40,0
253,41,2
253,42,1
253,43,0
253,44,2
253,45,1
253,46,0
253,47,2
253,48,1
253,49,1
253,50,2
254,1,2
254,2,2
254,3,0
254,4,0
254,5,1
254,6,0
254,7,2
254,8,2
254,9,1
254,10,2
254,11,0
254,12,0
254,13,0
254,14,2
254,15,0
254,16,1
254,17,0
254,18,1
254,19,2
254,20,1
254,21,2
254,22,2
254,23,0
254,24,1
254,25,1
254,26,2
254,27,0
254,28,2
254,29,1
254,30,0
254,31,0
254,32,2
254,33,1
254,34,1
254,35,2
254,36,0
254,37,2
254,38,2
254,39,1
254,40,1
254,41,0
254,42,2
254,43,2
254,44,1
254,45,0
254,46,0
254,47,2
254,48,1
254,49,0
254,50,2
255,1,1
255,2,0
255,3,2
255,4,1
255,5,0
255,6,1
255,7,2
255,8,2
255,9,1
255,10,0
255,11,1
255,12,0
255,13,1
255,14,2
255,15,2
255,16,2
255,17,1
255,18,0
255,19,1
255,20,2
255,21,2
255,22,2
255,23,1
255,24,1
255,25,1
255,26,0
255,27,2
255,28,1
255,29,2
255,30,1
255,31,2
255,32,1
255,33,0
255,34,1
255,35,2
255,36,0
255,37,1
255,38,2
255,39,1
255,40,1
255,41,0
255,42,1
255,43,2
255,44,1
255,45,0
255,46,1
255,47,1
255,48,2
255,49,0
255,50,1
256,1,1
256,2,0
256,3,1
256,4,2
256,5,1
256,6,1
256,7,0
256,8,2
256,9,1
256,10,1
256,11,0
256,12,0
256,13,1
256,14,2
256,15,1
256,16,0
256,17,0
256,18,1
256,19,1
256,20,0
256,21,2
256,22,1
256,23,0
256,24,0
256,25,1
256,26,1
256,27,2
256,28,2
256,29,1
256,30,0
256,31,0
256,32,1
256,33,1
256,34,1
256,35,2
256,36,2
256,37,1
256,38,1
256,39,2
256,40,0
256,41,0
256,42,1
256,43,2
256,44,1
256,45,0
256,46,0
256,47,1
256,48,2
256,49,1
256,50,0
257,1,2
257,2,1
257,3,1
257,4,1
257,5,2
257,6,0
257,7,0
257,8,2
257,9,2
257,10,2
257,11,0
257,12,2
257,13,2
257,14,0
257,15,1
257,16,1
257,17,0
257,18,0
257,19,0
257,20,1
257,21,2
257,22,2
257,23,2
257,24,2
257,25,0
257,26,0
257,27,1
257,28,0
257,29,0
257,30,2
257,31,2
257,32,0
257,33,0
257,34,2
257,35,0
257,36,1
257,37,1
257,38,2
257,39,0
257,40,2
257,41,1
257,42,1
257,43,1
257,44,2
257,45,0
257,46,0
257,47,2
257,48,2
257,49,0
257,50,1
258,1,0
258,2,1
258,3,1
258,4,2
258,5,1
258,6,2
258,7,0
258,8,1
258,9,1
258,10,1
258,11,0
258,12,2
258,13,1
258,14,2
258,15,2
258,16,0
258,17,0
258,18,0
258,19,1
258,20,0
258,21,1
258,22,2
258,23,2
258,24,1
258,25,0
258,26,0
258,27,1
258,28,2
258,29,0
258,30,2
258,31,1
258,32,0
258,33,2
258,34,1
258,35,1
258,36,2
258,37,1
258,38,1
258,39,1
258,40,0
258,41,2
258,42,0
258,43,2
258,44,2
258,45,2
258,46,0
258,47,2
258,48,0
258,49,2
258,50,1
259,1,1
259,2,2
259,3,1
259,4,0
259,5,2
259,6,0
259,7,1
259,8,2
259,9,1
259,10,0
259,11,0
259,12,0
259,13,0
259,14,1
259,15,1
259,16,1
259,17,1
259,18,1
259,19,2
259,20,1
259,21,0
259,22,2
259,23,2
259,24,2
259,25,2
259,26,2
259,27,1
259,28,0
259,29,1
259,30,1
259,31,0
259,32,2
259,33,1
259,34,2
259,35,1
259,36,0
259,37,2
259,38,2
259,39,2
259,40,0
259,41,1
259,42,1
259,43,1
259,44,0
259,45,1
259,46,0
259,47,1
259,48,2
259,49,2
259,50,1
260,1,1
260,2,2
260,3,0
260,4,1
260,5,2
260,6,0
260,7,2
260,8,2
260,9,1
260,10,0
260,11,1
260,12,0
260,13,2
260,14,1
260,15,2
260,16,0
260,17,1
260,18,0
260,19,2
260,20,2
260,21,2
260,22,1
260,23,0
260,24,1
260,25,0
260,26,2
260,27,1
260,28,2
260,29,0
260,30,1
260,31,2
260,32,1
260,33,0
260,34,2
260,35,1
260,36,0
260,37,1
260,38,0
260,39,2
260,40,1
260,41,0
260,42,2
260,43,1
260,44,0
260,45,0
260,46,1
260,47,2
260,48,1
260,49,2
260,50,0
261,1,1
261,2,0
261,3,2
261,4,1
261,5,1
261,6,2
261,7,0
261,8,1
261,9,2
261,10,1
261,11,0
261,12,1
261,13,2
261,14,1
261,15,0
261,16,1
261,17,0
261,18,0
261,19,1
261,20,1
261,21,1
261,22,1
261,23,2
261,24,2
261,25,2
261,26,2
261,27,2
261,28,2
261,29,0
261,30,2
261,31,1
261,32,1
261,33,1
261,34,0
261,35,0
261,36,0
261,37,0
261,38,1
261,39,2
261,40,1
261,41,1
261,42,0
261,43,1
261,44,2
261,45,1
261,46,0
261,47,2
261,48,1
261,49,0
261,50,1
262,1,0
262,2,1
262,3,0
262,4,0
262,5,2
262,6,2
262,7,1
262,8,2
262,9,0
262,10,2
262,11,1
262,12,0
262,13,2
262,14,1
262,15,2
262,16,0
262,17,2
262,18,2
262,19,0
262,20,0
262,21,1
262,22,0
262,23,2
262,24,0
262,25,2
262,26,0
262,27,1
262,28,2
262,29,0
262,30,2
262,31,1
262,32,0
262,33,2
262,34,1
262,35,0
262,36,2
262,37,2
262,38,1
262,39,0
262,40,2
262,41,1
262,42,1
262,43,0
262,44,2
262,45,2
262,46,0
262,47,2
262,48,1
262,49,2
262,50,0
263,1,1
263,2,2
263,3,0
263,4,1
263,5,2
263,6,0
263,7,1
263,8,2
263,9,2
263,10,2
263,11,1
263,12,0
263,13,2
263,14,1
263,15,0
263,16,2
263,17,1
263,18,0
263,19,2
263,20,0
263,21,0
263,22,1
263,23,1
263,24,0
263,25,0
263,26,1
263,27,2
263,28,1
263,29,2
263,30,1
263,31,2
263,32,0
263,33,1
263,34,2
263,35,0
263,36,1
263,37,0
263,38,1
263,39,2
263,40,1
263,41,1
263,42,1
263,43,0
263,44,1
263,45,2
263,46,2
263,47,2
263,48,2
263,49,0
263,50,1
264,1,2
264,2,2
264,3,2
264,4,2
264,5,2
264,6,2
264,7,2
264,8,2
264,9,2
264,10,2
264,11,2
264,12,2
264,13,2
264,14,2
264,15,2
264,16,2
264,17,2
264,18,2
264,19,2
264,20,2
264,21,2
264,22,2
264,23,2
264,24,2
264,25,2
264,26,2
264,27,2
264,28,2
264,29,2
264,30,2
264,31,2
264,32,2
264,33,2
264,34,2
264,35,2
264,36,2
264,37,2
264,38,2
264,39,2
264,40,2
264,41,2
264,42,2
264,43,2
264,44,2
264,45,2
264,46,2
264,47,2
264,48,2
264,49,2
264,50,2
265,1,0
265,2,2
265,3,1
265,4,0
265,5,2
265,6,0
265,7,2
265,8,1
265,9,2
265,10,0
265,11,2
265,12,1
265,13,2
265,14,0
265,15,1
265,16,2
265,17,0
265,18,2
265,19,2
265,20,1
265,21,2
265,22,2
265,23,0
265,24,1
265,25,2
265,26,0
265,27,2
265,28,1
265,29,0
265,30,2
265,31,1
265,32,2
265,33,1
265,34,2
265,35,2
265,36,0
265,37,1
265,38,0
265,39,2
265,40,1
265,41,0
265,42,2
265,43,1
265,44,0
265,45,1
265,46,0
265,47,2
265,48,1
265,49,2
265,50,2
266,1,1
266,2,1
266,3,1
266,4,0
266,5,0
266,6,2
266,7,1
266,8,1
266,9,2
266,10,0
266,11,0
266,12,2
266,13,2
266,14,1
266,15,0
266,16,2
266,17,0
266,18,1
266,19,0
266,20,2
266,21,1
266,22,1
266,23,1
266,24,1
266,25,2
266,26,2
266,27,0
266,28,0
266,29,0
266,30,0
266,31,2
266,32,1
266,33,1
266,34,2
266,35,0
266,36,0
266,37,0
266,38,1
266,39,1
266,40,2
266,41,2
266,42,0
266,43,0
266,44,1
266,45,0
266,46,2
266,47,2
266,48,1
266,49,0
266,50,2
267,1,1
267,2,1
267,3,1
267,4,0
267,5,2
267,6,2
267,7,0
267,8,0
267,9,1
267,10,0
267,11,2
267,12,2
267,13,2
267,14,2
267,15,1
267,16,2
267,17,2
267,18,0
267,19,0
267,20,2
267,21,0
267,22,1
267,23,1
267,24,2
267,25,2
267,26,2
267,27,0
267,28,1
267,29,2
267,30,2
267,31,1
267,32,0
267,33,0
267,34,2
267,35,2
267,36,0
267,37,1
267,38,1
267,39,0
267,40,2
267,41,0
267,42,1
267,43,0
267,44,2
267,45,2
267,46,2
267,47,2
267,48,1
267,49,2
267,50,0
268,1,0
268,2,2
268,3,2
268,4,0
268,5,1
268,6,2
268,7,2
268,8,1
268,9,2
268,10,0
268,11,1
268,12,2
268,13,2
268,14,1
268,15,0
268,16,1
268,17,1
268,18,1
268,19,2
268,20,0
268,21,1
268,22,2
268,23,2
268,24,2
268,25,0
268,26,2
268,27,0
268,28,1
268,29,0
268,30,1
268,31,0
268,32,1
268,33,1
268,34,1
268,35,2
268,36,2
268,37,0
268,38,0
268,39,1
268,40,0
268,41,0
268,42,0
268,43,1
268,44,2
268,45,0
268,46,0
268,47,0
268,48,1
268,49,2
268,50,0
269,1,2
269,2,1
269,3,0
269,4,1
269,5,0
269,6,2
269,7,0
269,8,1
269,9,2
269,10,0
269,11,1
269,12,0
269,13,1
269,14,2
269,15,0
269,16,1
269,17,0
269,18,1
269,19,0
269,20,1
269,21,0
269,22,1
269,23,0
269,24,2
269,25,1
269,26,0
269,27,2
269,28,2
269,29,0
269,30,1
269,31,2
269,32,0
269,33,2
269,34,1
269,35,1
269,36,1
269,37,0
269,38,2
269,39,2
269,40,1
269,41,0
269,42,2
269,43,1
269,44,1
269,45,2
269,46,0
269,47,0
269,48,0
269,49,0
269,50,2
270,1,1
270,2,1
270,3,1
270,4,2
270,5,1
270,6,0
270,7,0
270,8,2
270,9,1
270,10,2
270,11,0
270,12,1
270,13,2
270,14,1
270,15,1
270,16,0
270,17,1
270,18,2
270,19,0
270,20,1
270,21,2
270,22,1
270,23,2
270,24,1
270,25,1
270,26,0
270,27,1
270,28,2
270,29,1
270,30,2
270,31,1
270,32,0
270,33,0
270,34,1
270,35,2
270,36,0
270,37,2
270,38,1
270,39,2
270,40,1
270,41,2
270,42,0
270,43,1
270,44,1
270,45,0
270,46,1
270,47,2
270,48,2
270,49,1
270,50,0
271,1,1
271,2,2
271,3,2
271,4,1
271,5,0
271,6,0
271,7,2
271,8,1
271,9,2
271,10,0
271,11,2
271,12,1
271,13,0
271,14,0
271,15,2
271,16,1
271,17,2
271,18,1
271,19,2
271,20,0
271,21,2
271,22,2
271,23,1
271,24,2
271,25,0
271,26,2
271,27,1
271,28,1
271,29,2
271,30,2
271,31,0
271,32,0
271,33,1
271,34,2
271,35,2
271,36,1
271,37,1
271,38,0
271,39,2
271,40,1
271,41,0
271,42,2
271,43,1
271,44,2
271,45,2
271,46,2
271,47,2
271,48,1
271,49,0
271,50,0
272,1,1
272,2,0
272,3,2
272,4,2
272,5,2
272,6,2
272,7,2
272,8,2
272,9,2
272,10,1
272,11,1
272,12,1
272,13,0
272,14,0
272,15,0
272,16,2
272,17,2
272,18,2
272,19,2
272,20,2
272,21,2
272,22,1
272,23,1
272,24,0
272,25,2
272,26,1
272,27,0
272,28,0
272,29,0
272,30,1
272,31,1
272,32,2
272,33,2
272,34,1
272,35,1
272,36,2
272,37,2
272,38,2
272,39,2
272,40,2
272,41,0
272,42,0
272,43,0
272,44,1
272,45,1
272,46,1
272,47,1
272,48,2
272,49,2
272,50,2
273,1,1
273,2,0
273,3,2
273,4,2
273,5,1
273,6,0
273,7,0
273,8,2
273,9,2
273,10,2
273,11,1
273,12,0
273,13,2
273,14,2
273,15,2
273,16,1
273,17,1
273,18,2
273,19,0
273,20,0
273,21,2
273,22,1
273,23,2
273,24,1
273,25,1
273,26,1
273,27,2
273,28,0
273,29,1
273,30,2
273,31,1
273,32,0
273,33,1
273,34,2
273,35,2
273,36,1
273,37,0
273,38,1
273,39,1
273,40,2
273,41,2
273,42,2
273,43,2
273,44,1
273,45,0
273,46,1
273,47,1
273,48,2
273,49,2
273,50,1
274,1,1
274,2,0
274,3,1
274,4,2
274,5,1
274,6,0
274,7,2
274,8,1
274,9,0
274,10,2
274,11,0
274,12,1
274,13,2
274,14,0
274,15,0
274,16,1
274,17,0
274,18,1
274,19,0
274,20,1
274,21,2
274,22,1
274,23,0
274,24,1
274,25,0
274,26,1
274,27,2
274,28,0
274,29,1
274,30,1
274,31,2
274,32,2
274,33,1
274,34,0
274,35,1
274,36,0
274,37,1
274,38,2
274,39,0
274,40,1
274,41,2
274,42,0
274,43,1
274,44,2
274,45,0
274,46,1
274,47,2
274,48,0
274,49,1
274,50,1
275,1,0
275,2,1
275,3,0
275,4,2
275,5,1
275,6,0
275,7,1
275,8,0
275,9,2
275,10,1
275,11,0
275,12,1
275,13,2
275,14,2
275,15,2
275,16,0
275,17,1
275,18,0
275,19,1
275,20,2
275,21,1
275,22,0
275,23,2
275,24,1
275,25,1
275,26,0
275,27,0
275,28,2
275,29,1
275,30,2
275,31,1
275,32,1
275,33,1
275,34,1
275,35,0
275,36,0
275,37,1
275,38,1
275,39,2
275,40,1
275,41,2
275,42,2
275,43,1
275,44,0
275,45,1
275,46,2
275,47,1
275,48,1
275,49,1
275,50,2
276,1,1
276,2,1
276,3,1
276,4,0
276,5,1
276,6,0
276,7,0
276,8,1
276,9,1
276,10,1
276,11,1
276,12,1
276,13,2
276,14,1
276,15,2
276,16,0
276,17,1
276,18,1
276,19,0
276,20,2
276,21,0
276,22,1
276,23,2
276,24,2
276,25,0
276,26,0
276,27,1
276,28,0
276,29,0
276,30,2
276,31,0
276,32,1
276,33,2
276,34,2
276,35,2
276,36,0
276,37,2
276,38,1
276,39,2
276,40,2
276,41,0
276,42,2
276,43,2
276,44,2
276,45,2
276,46,1
276,47,0
276,48,2
276,49,0
276,50,1
277,1,2
277,2,2
277,3,2
277,4,1
277,5,1
277,6,1
277,7,0
277,8,2
277,9,1
277,10,2
277,11,2
277,12,1
277,13,0
277,14,2
277,15,2
277,16,0
277,17,0
277,18,1
277,19,0
277,20,1
277,21,2
277,22,1
277,23,1
277,24,0
277,25,0
277,26,1
277,27,0
277,28,0
277,29,0
277,30,1
277,31,0
277,32,2
277,33,0
277,34,2
277,35,0
277,36,1
277,37,0
277,38,1
277,39,1
277,40,1
277,41,2
277,42,0
277,43,0
277,44,2
277,45,1
277,46,0
277,47,1
277,48,1
277,49,0
277,50,1
278,1,0
278,2,0
278,3,2
278,4,1
278,5,0
278,6,0
278,7,0
278,8,1
278,9,0
278,10,2
278,11,2
278,12,1
278,13,0
278,14,2
278,15,1
278,16,1
278,17,0
278,18,2
278,19,1
278,20,1
278,21,1
278,22,1
278,23,0
278,24,2
278,25,2
278,26,1
278,27,0
278,28,2
278,29,2
278,30,1
278,31,1
278,32,0
278,33,0
278,34,0
278,35,2
278,36,1
278,37,0
278,38,1
278,39,0
278,40,2
278,41,0
278,42,1
278,43,1
278,44,1
278,45,0
278,46,1
278,47,1
278,48,1
278,49,0
278,50,1
279,1,0
279,2,0
279,3,2
279,4,0
279,5,1
279,6,1
279,7,2
279,8,1
279,9,0
279,10,0
279,11,2
279,12,1
279,13,2
279,14,1
279,15,1
279,16,0
279,17,2
279,18,0
279,19,2
279,20,1
279,21,0
279,22,0
279,23,1
279,24,0
279,25,1
279,26,2
279,27,1
279,28,1
279,29,0
279,30,2
279,31,2
279,32,1
279,33,2
279,34,0
279,35,1
279,36,0
279,37,0
279,38,1
279,39,2
279,40,2
279,41,1
279,42,0
279,43,1
279,44,2
279,45,2
279,46,1
279,47,1
279,48,0
279,49,2
279,50,1
280,1,1
280,2,1
280,3,2
280,4,2
280,5,1
280,6,1
280,7,1
280,8,1
280,9,2
280,10,1
280,11,2
280,12,0
280,13,2
280,14,2
280,15,2
280,16,1
280,17,0
280,18,1
280,19,1
280,20,0
280,21,0
280,22,2
280,23,1
280,24,0
280,25,1
280,26,2
280,27,1
280,28,1
280,29,0
280,30,1
280,31,2
280,32,1
280,33,1
280,34,0
280,35,0
280,36,1
280,37,1
280,38,2
280,39,1
280,40,0
280,41,1
280,42,0
280,43,2
280,44,1
280,45,0
280,46,1
280,47,2
280,48,1
280,49,0
280,50,2
281,1,1
281,2,0
281,3,1
281,4,1
281,5,2
281,6,1
281,7,0
281,8,0
281,9,1
281,10,1
281,11,0
281,12,1
281,13,2
281,14,1
281,15,0
281,16,1
281,17,1
281,18,2
281,19,2
281,20,1
281,21,0
281,22,1
281,23,2
281,24,2
281,25,1
281,26,1
281,27,0
281,28,0
281,29,1
281,30,2
281,31,2
281,32,1
281,33,1
281,34,0
281,35,0
281,36,1
281,37,1
281,38,2
281,39,1
281,40,1
281,41,0
281,42,1
281,43,2
281,44,1
281,45,0
281,46,1
281,47,2
281,48,1
281,49,0
281,50,1
282,1,2
282,2,0
282,3,2
282,4,2
282,5,1
282,6,0
282,7,1
282,8,2
282,9,2
282,10,1
282,11,0
282,12,1
282,13,1
282,14,2
282,15,2
282,16,0
282,17,1
282,18,2
282,19,1
282,20,1
282,21,2
282,22,0
282,23,2
282,24,1
282,25,2
282,26,1
282,27,0
282,28,2
282,29,1
282,30,0
282,31,2
282,32,1
282,33,0
282,34,0
282,35,0
282,36,2
282,37,0
282,38,1
282,39,2
282,40,1
282,41,2
282,42,0
282,43,1
282,44,2
282,45,2
282,46,2
282,47,0
282,48,1
282,49,0
282,50,0
283,1,0
283,2,0
283,3,1
283,4,1
283,5,0
283,6,2
283,7,1
283,8,1
283,9,2
283,10,0
283,11,0
283,12,2
283,13,1
283,14,0
283,15,0
283,16,2
283,17,0
283,18,1
283,19,1
283,20,0
283,21,1
283,22,2
283,23,0
283,24,2
283,25,1
283,26,2
283,27,2
283,28,1
283,29,1
283,30,0
283,31,2
283,32,2
283,33,0
283,34,1
283,35,2
283,36,2
283,37,1
283,38,0
283,39,0
283,40,0
283,41,0
283,42,0
283,43,1
283,44,0
283,45,2
283,46,2
283,47,2
283,48,2
283,49,0
283,50,1
284,1,1
284,2,2
284,3,2
284,4,1
284,5,0
284,6,1
284,7,2
284,8,1
284,9,1
284,10,1
284,11,2
284,12,0
284,13,0
284,14,1
284,15,0
284,16,2
284,17,1
284,18,0
284,19,2
284,20,2
284,21,1
284,22,2
284,23,0
284,24,2
284,25,1
284,26,1
284,27,0
284,28,0
284,29,0
284,30,0
284,31,1
284,32,2
284,33,0
284,34,1
284,35,2
284,36,0
284,37,1
284,38,1
284,39,2
284,40,1
284,41,0
284,42,1
284,43,2
284,44,2
284,45,1
284,46,0
284,47,1
284,48,2
284,49,2
284,50,0
285,1,0
285,2,1
285,3,0
285,4,2
285,5,1
285,6,1
285,7,0
285,8,1
285,9,0
285,10,0
285,11,2
285,12,1
285,13,2
285,14,1
285,15,2
285,16,1
285,17,1
285,18,0
285,19,1
285,20,1
285,21,0
285,22,2
285,23,2
285,24,2
285,25,2
285,26,2
285,27,2
285,28,0
285,29,0
285,30,1
285,31,0
285,32,2
285,33,2
285,34,2
285,35,0
285,36,0
285,37,2
285,38,2
285,39,0
285,40,0
285,41,2
285,42,0
285,43,0
285,44,1
285,45,2
285,46,1
285,47,0
285,48,1
285,49,2
285,50,0
286,1,2
286,2,1
286,3,2
286,4,0
286,5,2
286,6,1
286,7,2
286,8,0
286,9,0
286,10,1
286,11,0
286,12,2
286,13,1
286,14,2
286,15,0
286,16,1
286,17,2
286,18,0
286,19,1
286,20,1
286,21,2
286,22,0
286,23,1
286,24,2
286,25,1
286,26,0
286,27,2
286,28,1
286,29,2
286,30,0
286,31,1
286,32,2
286,33,0
286,34,2
286,35,1
286,36,2
286,37,1
286,38,2
286,39,0
286,40,0
286,41,0
286,42,0
286,43,1
286,44,1
286,45,2
286,46,0
286,47,1
286,48,2
286,49,0
286,50,1
287,1,2
287,2,0
287,3,1
287,4,0
287,5,2
287,6,1
287,7,0
287,8,0
287,9,1
287,10,2
287,11,1
287,12,0
287,13,1
287,14,2
287,15,1
287,16,0
287,17,1
287,18,2
287,19,2
287,20,2
287,21,1
287,22,0
287,23,1
287,24,2
287,25,0
287,26,1
287,27,0
287,28,2
287,29,1
287,30,0
287,31,1
287,32,2
287,33,0
287,34,1
287,35,2
287,36,0
287,37,1
287,38,2
287,39,0
287,40,1
287,41,2
287,42,0
287,43,1
287,44,2
287,45,1
287,46,2
287,47,0
287,48,1
287,49,0
287,50,2
288,1,0
288,2,1
288,3,1
288,4,1
288,5,2
288,6,0
288,7,1
288,8,2
288,9,2
288,10,0
288,11,0
288,12,1
288,13,1
288,14,1
288,15,0
288,16,2
288,17,2
288,18,0
288,19,1
288,20,2
288,21,0
288,22,0
288,23,1
288,24,0
288,25,2
288,26,1
288,27,1
288,28,0
288,29,0
288,30,2
288,31,2
288,32,2
288,33,0
288,34,0
288,35,1
288,36,1
288,37,2
288,38,2
288,39,1
288,40,2
288,41,0
288,42,1
288,43,1
288,44,2
288,45,0
288,46,0
288,47,2
288,48,1
288,49,2
288,50,1
289,1,1
289,2,0
289,3,2
289,4,1
289,5,0
289,6,0
289,7,2
289,8,1
289,9,2
289,10,1
289,11,1
289,12,0
289,13,0
289,14,1
289,15,2
289,16,1
289,17,2
289,18,1
289,19,0
289,20,1
289,21,2
289,22,1
289,23,0
289,24,0
289,25,1
289,26,2
289,27,1
289,28,1
289,29,0
289,30,2
289,31,1
289,32,0
289,33,0
289,34,1
289,35,1
289,36,0
289,37,2
289,38,1
289,39,0
289,40,1
289,41,2
289,42,2
289,43,1
289,44,1
289,45,2
289,46,0
289,47,1
289,48,0
289,49,0
289,50,2
290,1,1
290,2,0
290,3,0
290,4,2
290,5,2
290,6,1
290,7,0
290,8,1
290,9,0
290,10,0
290,11,2
290,12,2
290,13,1
290,14,0
290,15,1
290,16,1
290,17,2
290,18,2
290,19,0
290,20,1
290,21,2
290,22,2
290,23,1
290,24,0
290,25,2
290,26,2
290,27,1
290,28,0
290,29,2
290,30,1
290,31,0
290,32,2
290,33,2
290,34,1
290,35,1
290,36,0
290,37,0
290,38,2
290,39,0
290,40,1
290,41,1
290,42,2
290,43,2
290,44,0
290,45,1
290,46,0
290,47,1
290,48,2
290,49,0
290,50,2
291,1,1
291,2,0
291,3,1
291,4,2
291,5,0
291,6,1
291,7,0
291,8,1
291,9,0
291,10,1
291,11,2
291,12,0
291,13,1
291,14,0
291,15,2
291,16,1
291,17,0
291,18,1
291,19,0
291,20,1
291,21,2
291,22,0
291,23,1
291,24,1
291,25,0
291,26,1
291,27,1
291,28,1
291,29,1
291,30,1
291,31,1
291,32,1
291,33,1
291,34,1
291,35,1
291,36,1
291,37,1
291,38,0
291,39,2
291,40,2
291,41,2
291,42,2
291,43,0
291,44,1
291,45,0
291,46,0
291,47,0
291,48,0
291,49,2
291,50,2
292,1,0
292,2,0
292,3,2
292,4,0
292,5,1
292,6,2
292,7,0
292,8,1
292,9,2
292,10,2
292,11,2
292,12,1
292,13,0
292,14,2
292,15,1
292,16,0
292,17,1
292,18,2
292,19,0
292,20,0
292,21,1
292,22,2
292,23,0
292,24,1
292,25,2
292,26,2
292,27,0
292,28,1
292,29,2
292,30,0
292,31,2
292,32,0
292,33,0
292,34,2
292,35,1
292,36,0
292,37,2
292,38,0
292,39,2
292,40,0
292,41,1
292,42,0
292,43,2
292,44,0
292,45,2
292,46,0
292,47,2
292,48,1
292,49,0
292,50,1
293,1,2
293,2,1
293,3,1
293,4,0
293,5,1
293,6,2
293,7,2
293,8,0
293,9,2
293,10,0
293,11,2
293,12,2
293,13,1
293,14,1
293,15,2
293,16,0
293,17,1
293,18,0
293,19,2
293,20,1
293,21,0
293,22,0
293,23,0
293,24,2
293,25,1
293,26,2
293,27,0
293,28,0
293,29,2
293,30,1
293,31,2
293,32,1
293,33,1
293,34,0
293,35,2
293,36,1
293,37,2
293,38,1
293,39,1
293,40,2
293,41,1
293,42,0
293,43,0
293,44,1
293,45,0
293,46,2
293,47,0
293,48,1
293,49,1
293,50,1
294,1,0
294,2,2
294,3,1
294,4,2
294,5,2
294,6,0
294,7,2
294,8,2
294,9,0
294,10,2
294,11,1
294,12,0
294,13,0
294,14,1
294,15,0
294,16,1
294,17,2
294,18,2
294,19,1
294,20,0
294,21,2
294,22,1
294,23,0
294,24,0
294,25,0
294,26,1
294,27,0
294,28,2
294,29,1
294,30,0
294,31,1
294,32,0
294,33,1
294,34,0
294,35,0
294,36,1
294,37,2
294,38,1
294,39,0
294,40,0
294,41,0
294,42,1
294,43,0
294,44,2
294,45,0
294,46,1
294,47,0
294,48,1
294,49,2
294,50,0
295,1,0
295,2,1
295,3,0
295,4,1
295,5,2
295,6,1
295,7,1
295,8,1
295,9,2
295,10,0
295,11,1
295,12,2
295,13,2
295,14,1
295,15,1
295,16,0
295,17,0
295,18,1
295,19,1
295,20,1
295,21,0
295,22,1
295,23,2
295,24,1
295,25,0
295,26,1
295,27,2
295,28,1
295,29,0
295,30,0
295,31,1
295,32,1
295,33,2
295,34,1
295,35,1
295,36,0
295,37,1
295,38,2
295,39,2
295,40,1
295,41,1
295,42,0
295,43,0
295,44,1
295,45,1
295,46,2
295,47,1
295,48,1
295,49,2
295,50,0
296,1,2
296,2,0
296,3,0
296,4,0
296,5,2
296,6,1
296,7,1
296,8,0
296,9,0
296,10,1
296,11,2
296,12,2
296,13,0
296,14,1
296,15,1
296,16,1
296,17,2
296,18,1
296,19,2
296,20,1
296,21,1
296,22,0
296,23,0
296,24,1
296,25,1
296,26,2
296,27,0
296,28,0
296,29,1
296,30,1
296,31,2
296,32,0
296,33,1
296,34,2
296,35,0
296,36,1
296,37,0
296,38,1
296,39,2
296,40,1
296,41,0
296,42,2
296,43,1
296,44,0
296,45,2
296,46,1
296,47,1
296,48,0
296,49,2
296,50,2
297,1,1
297,2,0
297,3,2
297,4,2
297,5,1
297,6,2
297,7,0
297,8,1
297,9,0
297,10,2
297,11,1
297,12,0
297,13,2
297,14,1
297,15,2
297,16,1
297,17,2
297,18,1
297,19,2
297,20,0
297,21,1
297,22,0
297,23,1
297,24,2
297,25,1
297,26,0
297,27,1
297,28,1
297,29,0
297,30,2
297,31,1
297,32,0
297,33,0
297,34,2
297,35,2
297,36,1
297,37,0
297,38,2
297,39,1
297,40,1
297,41,0
297,42,0
297,43,2
297,44,1
297,45,0
297,46,1
297,47,1
297,48,2
297,49,0
297,50,1
298,1,2
298,2,1
298,3,1
298,4,2
298,5,1
298,6,0
298,7,1
298,8,2
298,9,0
298,10,1
298,11,2
298,12,1
298,13,2
298,14,2
298,15,0
298,16,1
298,17,2
298,18,1
298,19,0
298,20,2
298,21,1
298,22,2
298,23,0
298,24,1
298,25,2
298,26,1
298,27,0
298,28,2
298,29,1
298,30,2
298,31,1
298,32,0
298,33,1
298,34,2
298,35,2
298,36,1
298,37,0
298,38,0
298,39,0
298,40,0
298,41,1
298,42,2
298,43,0
298,44,2
298,45,0
298,46,2
298,47,1
298,48,1
298,49,1
298,50,2
299,1,2
299,2,0
299,3,1
299,4,2
299,5,1
299,6,2
299,7,0
299,8,0
299,9,2
299,10,1
299,11,2
299,12,0
299,13,0
299,14,1
299,15,0
299,16,1
299,17,2
299,18,0
299,19,1
299,20,2
299,21,0
299,22,1
299,23,2
299,24,0
299,25,2
299,26,0
299,27,1
299,28,2
299,29,0
299,30,2
299,31,1
299,32,0
299,33,1
299,34,2
299,35,1
299,36,1
299,37,2
299,38,0
299,39,2
299,40,1
299,41,0
299,42,2
299,43,1
299,44,0
299,45,2
299,46,0
299,47,2
299,48,1
299,49,0
299,50,2
300,1,0
300,2,0
300,3,0
300,4,0
300,5,0
300,6,2
300,7,2
300,8,2
300,9,2
300,10,2
300,11,2
300,12,2
300,13,2
300,14,2
300,15,2
300,16,2
300,17,2
300,18,2
300,19,2
300,20,2
300,21,2
300,22,2
300,23,2
300,24,2
300,25,2
300,26,2
300,27,2
300,28,2
300,29,2
300,30,2
300,31,2
300,32,2
300,33,2
300,34,2
300,35,2
300,36,2
300,37,2
300,38,2
300,39,2
300,40,2
300,41,2
300,42,2
300,43,2
300,44,2
300,45,2
300,46,2
300,47,2
300,48,2
300,49,2
300,50,2
301,1,0
301,2,2
301,3,2
301,4,1
301,5,0
301,6,0
301,7,2
301,8,1
301,9,2
301,10,2
301,11,1
301,12,0
301,13,2
301,14,2
301,15,2
301,16,0
301,17,2
301,18,1
301,19,2
301,20,2
301,21,0
301,22,0
301,23,2
301,24,0
301,25,0
301,26,1
301,27,0
301,28,1
301,29,0
301,30,1
301,31,2
301,32,2
301,33,2
301,34,2
301,35,0
301,36,2
301,37,2
301,38,1
301,39,0
301,40,1
301,41,0
301,42,1
301,43,1
301,44,1
301,45,0
301,46,1
301,47,0
301,48,0
301,49,2
301,50,0
302,1,0
302,2,1
302,3,0
302,4,0
302,5,1
302,6,2
302,7,0
302,8,1
302,9,2
302,10,0
302,11,2
302,12,2
302,13,0
302,14,1
302,15,0
302,16,1
302,17,2
302,18,2
302,19,1
302,20,0
302,21,2
302,22,1
302,23,0
302,24,2
302,25,1
302,26,0
302,27,1
302,28,2
302,29,0
302,30,1
302,31,2
302,32,1
302,33,2
302,34,0
302,35,2
302,36,2
302,37,0
302,38,0
302,39,2
302,40,1
302,41,2
302,42,2
302,43,0
302,44,1
302,45,1
302,46,2
302,47,0
302,48,0
302,49,1
302,50,2
303,1,1
303,2,1
303,3,2
303,4,2
303,5,0
303,6,2
303,7,0
303,8,1
303,9,2
303,10,0
303,11,2
303,12,2
303,13,0
303,14,2
303,15,1
303,16,0
303,17,0
303,18,2
303,19,0
303,20,1
303,21,2
303,22,2
303,23,2
303,24,0
303,25,1
303,26,1
303,27,1
303,28,2
303,29,2
303,30,2
303,31,1
303,32,0
303,33,2
303,34,1
303,35,0
303,36,2
303,37,1
303,38,0
303,39,0
303,40,1
303,41,0
303,42,1
303,43,0
303,44,2
303,45,2
303,46,2
303,47,1
303,48,2
303,49,0
303,50,1
304,1,2
304,2,0
304,3,0
304,4,1
304,5,1
304,6,1
304,7,0
304,8,0
304,9,2
304,10,2
304,11,1
304,12,0
304,13,2
304,14,2
304,15,0
304,16,1
304,17,2
304,18,0
304,19,0
304,20,1
304,21,2
304,22,2
304,23,2
304,24,2
304,25,1
304,26,0
304,27,0
304,28,0
304,29,0
304,30,1
304,31,0
304,32,1
304,33,2
304,34,2
304,35,2
304,36,1
304,37,0
304,38,0
304,39,2
304,40,1
304,41,0
304,42,1
304,43,2
304,44,0
304,45,0
304,46,0
304,47,1
304,48,2
304,49,2
304,50,1
305,1,2
305,2,1
305,3,0
305,4,2
305,5,2
305,6,2
305,7,1
305,8,2
305,9,1
305,10,0
305,11,2
305,12,1
305,13,1
305,14,2
305,15,0
305,16,2
305,17,0
305,18,0
305,19,2
305,20,0
305,21,1
305,22,0
305,23,0
305,24,0
305,25,1
305,26,1
305,27,1
305,28,1
305,29,0
305,30,1
305,31,1
305,32,2
305,33,1
305,34,1
305,35,0
305,36,1
305,37,2
305,38,0
305,39,0
305,40,1
305,41,0
305,42,0
305,43,1
305,44,1
305,45,1
305,46,2
305,47,1
305,48,0
305,49,0
305,50,0
306,1,2
306,2,2
306,3,0
306,4,1
306,5,2
306,6,0
306,7,0
306,8,1
306,9,2
306,10,2
306,11,1
306,12,0
306,13,1
306,14,0
306,15,2
306,16,0
306,17,1
306,18,2
306,19,2
306,20,1
306,21,0
306,22,1
306,23,1
306,24,2
306,25,1
306,26,0
306,27,2
306,28,1
306,29,1
306,30,0
306,31,0
306,32,1
306,33,1
306,34,2
306,35,0
306,36,1
306,37,2
306,38,0
306,39,1
306,40,0
306,41,2
306,42,0
306,43,0
306,44,1
306,45,0
306,46,1
306,47,2
306,48,1
306,49,2
306,50,0
307,1,0
307,2,0
307,3,0
307,4,0
307,5,2
307,6,1
307,7,1
307,8,0
307,9,0
307,10,0
307,11,0
307,12,2
307,13,2
307,14,1
307,15,0
307,16,2
307,17,2
307,18,1
307,19,0
307,20,2
307,21,2
307,22,1
307,23,2
307,24,2
307,25,0
307,26,0
307,27,1
307,28,1
307,29,1
307,30,2
307,31,2
307,32,1
307,33,1
307,34,0
307,35,1
307,36,1
307,37,2
307,38,2
307,39,2
307,40,0
307,41,1
307,42,2
307,43,2
307,44,1
307,45,0
307,46,1
307,47,0
307,48,0
307,49,2
307,50,1
308,1,1
308,2,2
308,3,2
308,4,0
308,5,2
308,6,1
308,7,0
308,8,0
308,9,2
308,10,2
308,11,2
308,12,2
308,13,2
308,14,1
308,15,1
308,16,1
308,17,1
308,18,1
308,19,1
308,20,0
308,21,0
308,22,0
308,23,0
308,24,1
308,25,1
308,26,1
308,27,0
308,28,0
308,29,1
308,30,1
308,31,1
308,32,1
308,33,1
308,34,2
308,35,1
308,36,0
308,37,0
308,38,0
308,39,0
308,40,2
308,41,1
308,42,1
308,43,2
308,44,2
308,45,0
308,46,0
308,47,1
308,48,1
308,49,1
308,50,1
309,1,2
309,2,1
309,3,0
309,4,1
309,5,0
309,6,0
309,7,0
309,8,2
309,9,2
309,10,2
309,11,2
309,12,0
309,13,1
309,14,0
309,15,0
309,16,1
309,17,2
309,18,1
309,19,2
309,20,1
309,21,0
309,22,0
309,23,1
309,24,1
309,25,1
309,26,0
309,27,2
309,28,0
309,29,2
309,30,1
309,31,0
309,32,0
309,33,2
309,34,1
309,35,0
309,36,2
309,37,1
309,38,1
309,39,2
309,40,2
309,41,0
309,42,0
309,43,2
309,44,2
309,45,2
309,46,2
309,47,2
309,48,2
309,49,2
309,50,1
310,1,0
310,2,1
310,3,2
310,4,2
310,5,1
310,6,2
310,7,1
310,8,2
310,9,0
310,10,0
310,11,1
310,12,2
310,13,2
310,14,2
310,15,2
310,16,2
310,17,2
310,18,1
310,19,2
310,20,0
310,21,0
310,22,0
310,23,0
310,24,1
310,25,1
310,26,1
310,27,0
310,28,0
310,29,2
310,30,2
310,31,1
310,32,2
310,33,0
310,34,0
310,35,0
310,36,2
310,37,0
310,38,2
310,39,0
310,40,1
310,41,0
310,42,0
310,43,1
310,44,2
310,45,1
310,46,1
310,47,2
310,48,2
310,49,0
310,50,0
311,1,0
311,2,2
311,3,1
311,4,0
311,5,1
311,6,0
311,7,2
311,8,1
311,9,0
311,10,2
311,11,1
311,12,0
311,13,1
311,14,0
311,15,0
311,16,0
311,17,0
311,18,0
311,19,2
311,20,1
311,21,2
311,22,2
311,23,1
311,24,0
311,25,1
311,26,1
311,27,1
311,28,2
311,29,0
311,30,0
311,31,1
311,32,1
311,33,2
311,34,2
311,35,1
311,36,2
311,37,2
311,38,2
311,39,2
311,40,2
311,41,1
311,42,0
311,43,0
311,44,0
311,45,0
311,46,1
311,47,1
311,48,1
311,49,1
311,50,0
312,1,0
312,2,2
312,3,0
312,4,1
312,5,2
312,6,0
312,7,1
312,8,2
312,9,1
312,10,0
312,11,2
312,12,1
312,13,2
312,14,2
312,15,2
312,16,1
312,17,0
312,18,2
312,19,1
312,20,0
312,21,2
312,22,0
312,23,1
312,24,1
312,25,1
312,26,1
312,27,1
312,28,1
312,29,0
312,30,1
312,31,2
312,32,0
312,33,2
312,34,2
312,35,0
312,36,1
312,37,1
312,38,0
312,39,0
312,40,2
312,41,0
312,42,2
312,43,1
312,44,1
312,45,2
312,46,0
312,47,2
312,48,0
312,49,2
312,50,2
313,1,2
313,2,1
313,3,0
313,4,2
313,5,1
313,6,2
313,7,0
313,8,2
313,9,2
313,10,1
313,11,0
313,12,1
313,13,2
313,14,1
313,15,0
313,16,2
313,17,1
313,18,2
313,19,0
313,20,2
313,21,1
313,22,1
313,23,2
313,24,1
313,25,0
313,26,2
313,27,1
313,28,2
313,29,2
313,30,2
313,31,0
313,32,0
313,33,0
313,34,1
313,35,1
313,36,2
313,37,0
313,38,1
313,39,2
313,40,1
313,41,2
313,42,1
313,43,2
313,44,1
313,45,2
313,46,1
313,47,0
313,48,0
313,49,0
313,50,0
314,1,1
314,2,1
314,3,2
314,4,0
314,5,0
314,6,0
314,7,0
314,8,2
314,9,1
314,10,2
314,11,2
314,12,0
314,13,1
314,14,1
314,15,2
314,16,2
314,17,0
314,18,1
314,19,0
314,20,2
314,21,0
314,22,0
314,23,1
314,24,0
314,25,2
314,26,2
314,27,2
314,28,1
314,29,2
314,30,2
314,31,0
314,32,1
314,33,2
314,34,0
314,35,1
314,36,0
314,37,0
314,38,2
314,39,2
314,40,2
314,41,1
314,42,2
314,43,2
314,44,2
314,45,2
314,46,1
314,47,2
314,48,0
314,49,0
314,50,1
315,1,1
315,2,1
315,3,2
315,4,0
315,5,1
315,6,1
315,7,0
315,8,0
315,9,2
315,10,1
315,11,2
315,12,0
315,13,2
315,14,1
315,15,2
315,16,0
315,17,2
315,18,2
315,19,1
315,20,0
315,21,1
315,22,0
315,23,0
315,24,2
315,25,1
315,26,1
315,27,2
315,28,2
315,29,0
315,30,2
315,31,1
315,32,2
315,33,2
315,34,2
315,35,0
315,36,0
315,37,1
315,38,2
315,39,1
315,40,2
315,41,0
315,42,0
315,43,0
315,44,0
315,45,1
315,46,0
315,47,1
315,48,1
315,49,1
315,50,0
316,1,1
316,2,2
316,3,0
316,4,1
316,5,1
316,6,1
316,7,1
316,8,0
316,9,2
316,10,1
316,11,2
316,12,2
316,13,0
316,14,2
316,15,1
316,16,2
316,17,0
316,18,0
316,19,2
316,20,1
316,21,1
316,22,2
316,23,0
316,24,1
316,25,2
316,26,2
316,27,2
316,28,0
316,29,0
316,30,1
316,31,2
316,32,0
316,33,1
316,34,1
316,35,1
316,36,2
316,37,2
316,38,0
316,39,1
316,40,2
316,41,1
316,42,0
316,43,1
316,44,0
316,45,0
316,46,0
316,47,0
316,48,2
316,49,2
316,50,1
317,1,1
317,2,2
317,3,0
317,4,1
317,5,2
317,6,1
317,7,2
317,8,1
317,9,0
317,10,0
317,11,0
317,12,1
317,13,2
317,14,1
317,15,0
317,16,1
317,17,0
317,18,1
317,19,2
317,20,0
317,21,1
317,22,1
317,23,1
317,24,1
317,25,2
317,26,0
317,27,0
317,28,0
317,29,0
317,30,0
317,31,1
317,32,2
317,33,2
317,34,1
317,35,2
317,36,2
317,37,0
317,38,1
317,39,2
317,40,0
317,41,1
317,42,0
317,43,2
317,44,2
317,45,2
317,46,1
317,47,2
317,48,1
317,49,2
317,50,0
318,1,1
318,2,2
318,3,2
318,4,1
318,5,0
318,6,0
318,7,2
318,8,2
318,9,1
318,10,0
318,11,0
318,12,0
318,13,2
318,14,1
318,15,2
318,16,2
318,17,0
318,18,0
318,19,1
318,20,2
318,21,0
318,22,1
318,23,2
318,24,2
318,25,0
318,26,0
318,27,1
318,28,1
318,29,0
318,30,2
318,31,2
318,32,1
318,33,1
318,34,0
318,35,0
318,36,1
318,37,2
318,38,1
318,39,0
318,40,1
318,41,0
318,42,2
318,43,1
318,44,0
318,45,2
318,46,1
318,47,1
318,48,2
318,49,2
318,50,1
319,1,1
319,2,0
319,3,1
319,4,2
319,5,0
319,6,1
319,7,2
319,8,1
319,9,0
319,10,1
319,11,2
319,12,1
319,13,0
319,14,2
319,15,1
319,16,0
319,17,2
319,18,1
319,19,0
319,20,2
319,21,1
319,22,0
319,23,2
319,24,0
319,25,2
319,26,1
319,27,2
319,28,0
319,29,1
319,30,0
319,31,1
319,32,2
319,33,0
319,34,1
319,35,2
319,36,0
319,37,1
319,38,2
319,39,0
319,40,2
319,41,1
319,42,0
319,43,2
319,44,1
319,45,0
319,46,2
319,47,1
319,48,0
319,49,1
319,50,2
320,1,0
320,2,1
320,3,0
320,4,2
320,5,2
320,6,1
320,7,0
320,8,1
320,9,1
320,10,1
320,11,2
320,12,0
320,13,1
320,14,2
320,15,2
320,16,0
320,17,1
320,18,2
320,19,0
320,20,2
320,21,1
320,22,0
320,23,2
320,24,0
320,25,2
320,26,1
320,27,0
320,28,2
320,29,2
320,30,1
320,31,1
320,32,0
320,33,2
320,34,2
320,35,0
320,36,0
320,37,0
320,38,1
320,39,1
320,40,1
320,41,2
320,42,0
320,43,1
320,44,1
320,45,0
320,46,0
320,47,2
320,48,1
320,49,0
320,50,2
321,1,2
321,2,0
321,3,2
321,4,1
321,5,0
321,6,0
321,7,0
321,8,1
321,9,2
321,10,1
321,11,2
321,12,2
321,13,1
321,14,0
321,15,0
321,16,1
321,17,2
321,18,2
321,19,0
321,20,1
321,21,2
321,22,2
321,23,1
321,24,1
321,25,0
321,26,2
321,27,1
321,28,1
321,29,2
321,30,0
321,31,2
321,32,2
321,33,1
321,34,1
321,35,0
321,36,0
321,37,1
321,38,2
321,39,2
321,40,1
321,41,2
321,42,2
321,43,1
321,44,2
321,45,2
321,46,1
321,47,2
321,48,1
321,49,2
321,50,0
322,1,1
322,2,0
322,3,0
322,4,0
322,5,2
322,6,1
322,7,0
322,8,1
322,9,0
322,10,2
322,11,1
322,12,0
322,13,1
322,14,2
322,15,2
322,16,1
322,17,0
322,18,1
322,19,1
322,20,1
322,21,1
322,22,2
322,23,0
322,24,0
322,25,1
322,26,1
322,27,2
322,28,2
322,29,0
322,30,2
322,31,1
322,32,2
322,33,2
322,34,2
322,35,1
322,36,0
322,37,1
322,38,0
322,39,2
322,40,1
322,41,0
322,42,0
322,43,2
322,44,2
322,45,2
322,46,2
322,47,1
322,48,0
322,49,0
322,50,2
323,1,0
323,2,1
323,3,1
323,4,0
323,5,0
323,6,0
323,7,2
323,8,1
323,9,0
323,10,0
323,11,2
323,12,1
323,13,1
323,14,2
323,15,2
323,16,0
323,17,2
323,18,0
323,19,0
323,20,2
323,21,1
323,22,0
323,23,1
323,24,0
323,25,2
323,26,0
323,27,0
323,28,1
323,29,2
323,30,0
323,31,1
323,32,2
323,33,2
323,34,2
323,35,0
323,36,1
323,37,0
323,38,2
323,39,1
323,40,0
323,41,0
323,42,1
323,43,1
323,44,2
323,45,0
323,46,1
323,47,0
323,48,2
323,49,1
323,50,0
324,1,2
324,2,2
324,3,2
324,4,1
324,5,0
324,6,0
324,7,1
324,8,0
324,9,0
324,10,2
324,11,0
324,12,1
324,13,0
324,14,1
324,15,1
324,16,0
324,17,2
324,18,0
324,19,1
324,20,0
324,21,2
324,22,1
324,23,0
324,24,2
324,25,1
324,26,2
324,27,0
324,28,0
324,29,1
324,30,0
324,31,2
324,32,0
324,33,2
324,34,1
324,35,0
324,36,2
324,37,0
324,38,1
324,39,0
324,40,0
324,41,2
324,42,0
324,43,0
324,44,1
324,45,0
324,46,0
324,47,1
324,48,2
324,49,1
324,50,0
325,1,0
325,2,1
325,3,0
325,4,1
325,5,2
325,6,1
325,7,2
325,8,1
325,9,2
325,10,0
325,11,1
325,12,2
325,13,2
325,14,0
325,15,1
325,16,2
325,17,0
325,18,1
325,19,2
325,20,0
325,21,1
325,22,2
325,23,0
325,24,1
325,25,2
325,26,1
325,27,0
325,28,2
325,29,1
325,30,2
325,31,0
325,32,1
325,33,2
325,34,0
325,35,1
325,36,2
325,37,1
325,38,2
325,39,1
325,40,0
325,41,2
325,42,1
325,43,0
325,44,2
325,45,1
325,46,2
325,47,1
325,48,1
325,49,0
325,50,1
326,1,1
326,2,1
326,3,0
326,4,2
326,5,2
326,6,1
326,7,0
326,8,2
326,9,2
326,10,1
326,11,0
326,12,0
326,13,0
326,14,1
326,15,2
326,16,2
326,17,0
326,18,2
326,19,0
326,20,0
326,21,1
326,22,1
326,23,2
326,24,1
326,25,0
326,26,0
326,27,2
326,28,1
326,29,2
326,30,0
326,31,0
326,32,2
326,33,2
326,34,1
326,35,0
326,36,0
326,37,2
326,38,2
326,39,2
326,40,0
326,41,1
326,42,2
326,43,2
326,44,0
326,45,1
326,46,2
326,47,0
326,48,1
326,49,0
326,50,0
327,1,0
327,2,0
327,3,0
327,4,0
327,5,0
327,6,0
327,7,0
327,8,0
327,9,0
327,10,0
327,11,0
327,12,0
327,13,0
327,14,0
327,15,0
327,16,1
327,17,0
327,18,1
327,19,0
327,20,2
327,21,1
327,22,0
327,23,2
327,24,0
327,25,1
327,26,0
327,27,1
327,28,2
327,29,0
327,30,0
327,31,0
327,32,1
327,33,0
327,34,2
327,35,1
327,36,0
327,37,1
327,38,0
327,39,2
327,40,1
327,41,0
327,42,1
327,43,2
327,44,0
327,45,0
327,46,0
327,47,1
327,48,2
327,49,0
327,50,0
328,1,0
328,2,1
328,3,1
328,4,2
328,5,0
328,6,0
328,7,2
328,8,0
328,9,1
328,10,2
328,11,0
328,12,0
328,13,2
328,14,0
328,15,1
328,16,1
328,17,0
328,18,2
328,19,0
328,20,1
328,21,2
328,22,2
328,23,0
328,24,2
328,25,1
328,26,0
328,27,0
328,28,2
328,29,2
328,30,2
328,31,0
328,32,2
328,33,1
328,34,0
328,35,1
328,36,1
328,37,0
328,38,2
328,39,1
328,40,1
328,41,0
328,42,2
328,43,2
328,44,1
328,45,0
328,46,2
328,47,2
328,48,0
328,49,1
328,50,1
329,1,0
329,2,0
329,3,1
329,4,2
329,5,2
329,6,1
329,7,1
329,8,2
329,9,0
329,10,1
329,11,2
329,12,1
329,13,1
329,14,0
329,15,2
329,16,0
329,17,1
329,18,1
329,19,0
329,20,0
329,21,2
329,22,2
329,23,1
329,24,1
329,25,1
329,26,0
329,27,0
329,28,0
329,29,0
329,30,2
329,31,1
329,32,2
329,33,2
329,34,0
329,35,0
329,36,1
329,37,1
329,38,0
329,39,2
329,40,0
329,41,0
329,42,1
329,43,0
329,44,0
329,45,0
329,46,2
329,47,1
329,48,2
329,49,0
329,50,1
330,1,2
330,2,1
330,3,0
330,4,1
330,5,0
330,6,1
330,7,2
330,8,1
330,9,0
330,10,2
330,11,1
330,12,0
330,13,0
330,14,0
330,15,2
330,16,1
330,17,0
330,18,2
330,19,0
330,20,2
330,21,2
330,22,2
330,23,2
330,24,1
330,25,1
330,26,2
330,27,0
330,28,2
330,29,1
330,30,0
330,31,2
330,32,1
330,33,0
330,34,2
330,35,2
330,36,1
330,37,0
330,38,1
330,39,0
330,40,2
330,41,1
330,42,0
330,43,2
330,44,1
330,45,1
330,46,0
330,47,1
330,48,2
330,49,0
330,50,1
331,1,1
331,2,0
331,3,2
331,4,0
331,5,1
331,6,0
331,7,0
331,8,2
331,9,1
331,10,0
331,11,2
331,12,1
331,13,2
331,14,0
331,15,1
331,16,0
331,17,2
331,18,0
331,19,1
331,20,0
331,21,0
331,22,2
331,23,0
331,24,2
331,25,2
331,26,1
331,27,2
331,28,0
331,29,1
331,30,2
331,31,0
331,32,1
331,33,0
331,34,2
331,35,0
331,36,1
331,37,0
331,38,2
331,39,0
331,40,2
331,41,2
331,42,1
331,43,0
331,44,1
331,45,0
331,46,2
331,47,1
331,48,0
331,49,1
331,50,0
332,1,0
332,2,2
332,3,0
332,4,1
332,5,2
332,6,1
332,7,0
332,8,1
332,9,2
332,10,2
332,11,1
332,12,0
332,13,1
332,14,0
332,15,2
332,16,0
332,17,1
332,18,2
332,19,2
332,20,1
332,21,0
332,22,2
332,23,1
332,24,0
332,25,0
332,26,1
332,27,2
332,28,1
332,29,2
332,30,0
332,31,1
332,32,2
332,33,0
332,34,2
332,35,1
332,36,0
332,37,0
332,38,1
332,39,2
332,40,2
332,41,1
332,42,0
332,43,1
332,44,2
332,45,0
332,46,1
332,47,2
332,48,0
332,49,2
332,50,1
333,1,0
333,2,1
333,3,0
333,4,2
333,5,1
333,6,2
333,7,0
333,8,0
333,9,0
333,10,2
333,11,1
333,12,2
333,13,2
333,14,0
333,15,0
333,16,0
333,17,1
333,18,1
333,19,0
333,20,1
333,21,1
333,22,1
333,23,0
333,24,0
333,25,0
333,26,2
333,27,1
333,28,1
333,29,1
333,30,0
333,31,0
333,32,1
333,33,2
333,34,1
333,35,0
333,36,0
333,37,1
333,38,2
333,39,2
333,40,0
333,41,1
333,42,0
333,43,0
333,44,1
333,45,2
333,46,2
333,47,1
333,48,1
333,49,1
333,50,1
334,1,2
334,2,2
334,3,0
334,4,1
334,5,0
334,6,2
334,7,0
334,8,2
334,9,0
334,10,1
334,11,2
334,12,2
334,13,1
334,14,0
334,15,1
334,16,0
334,17,2
334,18,0
334,19,1
334,20,2
334,21,2
334,22,1
334,23,0
334,24,2
334,25,1
334,26,2
334,27,1
334,28,1
334,29,0
334,30,2
334,31,1
334,32,0
334,33,0
334,34,1
334,35,2
334,36,1
334,37,0
334,38,2
334,39,2
334,40,1
334,41,2
334,42,0
334,43,0
334,44,1
334,45,0
334,46,2
334,47,1
334,48,1
334,49,0
334,50,0
335,1,2
335,2,1
335,3,2
335,4,1
335,5,2
335,6,1
335,7,0
335,8,2
335,9,1
335,10,2
335,11,1
335,12,2
335,13,0
335,14,0
335,15,1
335,16,0
335,17,1
335,18,1
335,19,2
335,20,2
335,21,0
335,22,2
335,23,0
335,24,0
335,25,2
335,26,0
335,27,2
335,28,1
335,29,0
335,30,1
335,31,0
335,32,2
335,33,1
335,34,1
335,35,0
335,36,1
335,37,1
335,38,0
335,39,1
335,40,2
335,41,0
335,42,2
335,43,0
335,44,2
335,45,1
335,46,1
335,47,2
335,48,0
335,49,1
335,50,1
336,1,0
336,2,1
336,3,0
336,4,1
336,5,2
336,6,1
336,7,0
336,8,1
336,9,2
336,10,1
336,11,0
336,12,1
336,13,2
336,14,0
336,15,1
336,16,2
336,17,0
336,18,1
336,19,2
336,20,1
336,21,0
336,22,1
336,23,2
336,24,0
336,25,1
336,26,2
336,27,1
336,28,0
336,29,1
336,30,2
336,31,0
336,32,1
336,33,1
336,34,0
336,35,2
336,36,2
336,37,1
336,38,0
336,39,1
336,40,0
336,41,1
336,42,2
336,43,1
336,44,0
336,45,1
336,46,2
336,47,2
336,48,1
336,49,0
336,50,1
337,1,0
337,2,1
337,3,2
337,4,0
337,5,0
337,6,1
337,7,1
337,8,2
337,9,1
337,10,1
337,11,1
337,12,0
337,13,0
337,14,0
337,15,0
337,16,0
337,17,2
337,18,2
337,19,2
337,20,1
337,21,1
337,22,1
337,23,2
337,24,2
337,25,2
337,26,0
337,27,0
337,28,1
337,29,0
337,30,0
337,31,2
337,32,2
337,33,1
337,34,2
337,35,1
337,36,2
337,37,0
337,38,0
337,39,0
337,40,1
337,41,2
337,42,2
337,43,2
337,44,0
337,45,1
337,46,2
337,47,0
337,48,1
337,49,2
337,50,1
338,1,2
338,2,1
338,3,2
338,4,2
338,5,0
338,6,0
338,7,1
338,8,1
338,9,1
338,10,1
338,11,2
338,12,2
338,13,0
338,14,0
338,15,1
338,16,0
338,17,0
338,18,2
338,19,1
338,20,2
338,21,0
338,22,0
338,23,0
338,24,1
338,25,0
338,26,1
338,27,2
338,28,1
338,29,1
338,30,1
338,31,2
338,32,2
338,33,0
338,34,2
338,35,2
338,36,0
338,37,1
338,38,1
338,39,0
338,40,2
338,41,0
338,42,1
338,43,0
338,44,2
338,45,1
338,46,1
338,47,2
338,48,0
338,49,2
338,50,1
339,1,0
339,2,2
339,3,1
339,4,0
339,5,1
339,6,2
339,7,2
339,8,1
339,9,0
339,10,1
339,11,2
339,12,0
339,13,1
339,14,2
339,15,0
339,16,1
339,17,2
339,18,0
339,19,0
339,20,2
339,21,1
339,22,0
339,23,2
339,24,1
339,25,2
339,26,0
339,27,1
339,28,0
339,29,2
339,30,0
339,31,1
339,32,2
339,33,0
339,34,1
339,35,2
339,36,1
339,37,0
339,38,1
339,39,0
339,40,2
339,41,1
339,42,0
339,43,2
339,44,1
339,45,0
339,46,1
339,47,2
339,48,0
339,49,2
339,50,1
340,1,0
340,2,0
340,3,1
340,4,0
340,5,1
340,6,0
340,7,2
340,8,0
340,9,1
340,10,2
340,11,0
340,12,0
340,13,0
340,14,0
340,15,0
340,16,2
340,17,1
340,18,1
340,19,2
340,20,0
340,21,1
340,22,0
340,23,2
340,24,1
340,25,0
340,26,0
340,27,1
340,28,2
340,29,1
340,30,0
340,31,2
340,32,2
340,33,2
340,34,2
340,35,2
340,36,2
340,37,1
340,38,0
340,39,0
340,40,2
340,41,0
340,42,0
340,43,1
340,44,1
340,45,0
340,46,2
340,47,0
340,48,0
340,49,0
340,50,1
341,1,1
341,2,2
341,3,1
341,4,2
341,5,0
341,6,1
341,7,1
341,8,2
341,9,0
341,10,0
341,11,2
341,12,2
341,13,0
341,14,1
341,15,2
341,16,2
341,17,1
341,18,2
341,19,0
341,20,0
341,21,1
341,22,0
341,23,0
341,24,1
341,25,0
341,26,1
341,27,1
341,28,2
341,29,1
341,30,0
341,31,2
341,32,1
341,33,2
341,34,1
341,35,0
341,36,1
341,37,1
341,38,2
341,39,0
341,40,2
341,41,1
341,42,0
341,43,1
341,44,0
341,45,0
341,46,1
341,47,1
341,48,2
341,49,1
341,50,1
342,1,0
342,2,2
342,3,1
342,4,1
342,5,2
342,6,2
342,7,0
342,8,1
342,9,1
342,10,2
342,11,2
342,12,2
342,13,0
342,14,0
342,15,0
342,16,1
342,17,2
342,18,2
342,19,1
342,20,2
342,21,1
342,22,1
342,23,0
342,24,2
342,25,2
342,26,1
342,27,1
342,28,1
342,29,0
342,30,0
342,31,0
342,32,0
342,33,2
342,34,2
342,35,1
342,36,1
342,37,2
342,38,2
342,39,0
342,40,2
342,41,1
342,42,0
342,43,0
342,44,0
342,45,0
342,46,2
342,47,2
342,48,2
342,49,1
342,50,1
343,1,1
343,2,2
343,3,0
343,4,1
343,5,2
343,6,0
343,7,2
343,8,1
343,9,1
343,10,0
343,11,2
343,12,1
343,13,0
343,14,2
343,15,1
343,16,0
343,17,2
343,18,1
343,19,0
343,20,1
343,21,2
343,22,2
343,23,2
343,24,0
343,25,1
343,26,2
343,27,0
343,28,1
343,29,0
343,30,2
343,31,1
343,32,0
343,33,0
343,34,1
343,35,0
343,36,1
343,37,0
343,38,1
343,39,2
343,40,2
343,41,0
343,42,1
343,43,1
343,44,1
343,45,2
343,46,0
343,47,1
343,48,2
343,49,0
343,50,2
344,1,2
344,2,1
344,3,2
344,4,2
344,5,1
344,6,1
344,7,2
344,8,2
344,9,0
344,10,2
344,11,2
344,12,0
344,13,2
344,14,2
344,15,0
344,16,1
344,17,1
344,18,2
344,19,2
344,20,0
344,21,1
344,22,2
344,23,0
344,24,2
344,25,1
344,26,2
344,27,0
344,28,1
344,29,0
344,30,1
344,31,1
344,32,0
344,33,2
344,34,2
344,35,1
344,36,1
344,37,2
344,38,2
344,39,0
344,40,0
344,41,0
344,42,1
344,43,0
344,44,0
344,45,0
344,46,1
344,47,1
344,48,1
344,49,1
344,50,2
345,1,1
345,2,0
345,3,1
345,4,1
345,5,0
345,6,2
345,7,1
345,8,0
345,9,2
345,10,1
345,11,0
345,12,1
345,13,0
345,14,1
345,15,2
345,16,0
345,17,1
345,18,2
345,19,0
345,20,1
345,21,0
345,22,1
345,23,2
345,24,2
345,25,0
345,26,1
345,27,2
345,28,0
345,29,2
345,30,1
345,31,0
345,32,1
345,33,1
345,34,0
345,35,1
345,36,2
345,37,0
345,38,1
345,39,0
345,40,1
345,41,0
345,42,1
345,43,2
345,44,1
345,45,2
345,46,0
345,47,2
345,48,1
345,49,0
345,50,2
346,1,0
346,2,2
346,3,1
346,4,2
346,5,1
346,6,1
346,7,1
346,8,0
346,9,2
346,10,0
346,11,0
346,12,1
346,13,2
346,14,0
346,15,1
346,16,2
346,17,2
346,18,0
346,19,1
346,20,1
346,21,2
346,22,2
346,23,2
346,24,2
346,25,2
346,26,1
346,27,0
346,28,2
346,29,2
346,30,1
346,31,0
346,32,1
346,33,2
346,34,0
346,35,2
346,36,1
346,37,2
346,38,0
346,39,2
346,40,1
346,41,2
346,42,1
346,43,2
346,44,0
346,45,0
346,46,0
346,47,0
346,48,0
346,49,2
346,50,0
347,1,0
347,2,2
347,3,1
347,4,2
347,5,0
347,6,0
347,7,0
347,8,2
347,9,1
347,10,2
347,11,0
347,12,1
347,13,0
347,14,2
347,15,2
347,16,1
347,17,1
347,18,0
347,19,0
347,20,2
347,21,1
347,22,1
347,23,0
347,24,2
347,25,2
347,26,2
347,27,0
347,28,0
347,29,1
347,30,0
347,31,0
347,32,1
347,33,2
347,34,0
347,35,0
347,36,1
347,37,1
347,38,1
347,39,0
347,40,2
347,41,2
347,42,2
347,43,0
347,44,0
347,45,0
347,46,0
347,47,1
347,48,2
347,49,0
347,50,2
348,1,1
348,2,1
348,3,2
348,4,0
348,5,0
348,6,2
348,7,2
348,8,1
348,9,2
348,10,2
348,11,2
348,12,1
348,13,1
348,14,1
348,15,1
348,16,2
348,17,2
348,18,0
348,19,0
348,20,2
348,21,2
348,22,0
348,23,1
348,24,1
348,25,1
348,26,2
348,27,2
348,28,1
348,29,2
348,30,0
348,31,2
348,32,2
348,33,2
348,34,1
348,35,2
348,36,0
348,37,1
348,38,2
348,39,0
348,40,2
348,41,1
348,42,0
348,43,2
348,44,0
348,45,2
348,46,1
348,47,2
348,48,0
348,49,2
348,50,0
349,1,1
349,2,0
349,3,1
349,4,2
349,5,2
349,6,2
349,7,2
349,8,0
349,9,0
349,10,0
349,11,0
349,12,0
349,13,0
349,14,1
349,15,1
349,16,1
349,17,0
349,18,0
349,19,2
349,20,1
349,21,2
349,22,0
349,23,1
349,24,0
349,25,1
349,26,2
349,27,2
349,28,0
349,29,1
349,30,1
349,31,2
349,32,2
349,33,0
349,34,1
349,35,0
349,36,0
349,37,2
349,38,2
349,39,1
349,40,2
349,41,0
349,42,0
349,43,2
349,44,1
349,45,2
349,46,0
349,47,2
349,48,1
349,49,0
349,50,2
350,1,2
350,2,2
350,3,0
350,4,2
350,5,2
350,6,2
350,7,0
350,8,1
350,9,2
350,10,2
350,11,0
350,12,2
350,13,2
350,14,2
350,15,2
350,16,0
350,17,1
350,18,0
350,19,0
350,20,1
350,21,1
350,22,2
350,23,1
350,24,2
350,25,0
350,26,1
350,27,0
350,28,0
350,29,1
350,30,2
350,31,2
350,32,2
350,33,1
350,34,1
350,35,0
350,36,0
350,37,2
350,38,0
350,39,1
350,40,2
350,41,0
350,42,1
350,43,2
350,44,0
350,45,1
350,46,1
350,47,1
350,48,2
350,49,2
350,50,2
351,1,2
351,2,1
351,3,2
351,4,1
351,5,0
351,6,0
351,7,1
351,8,2
351,9,0
351,10,1
351,11,2
351,12,0
351,13,1
351,14,1
351,15,1
351,16,1
351,17,2
351,18,0
351,19,1
351,20,2
351,21,1
351,22,0
351,23,1
351,24,0
351,25,2
351,26,1
351,27,0
351,28,1
351,29,2
351,30,1
351,31,0
351,32,1
351,33,2
351,34,1
351,35,1
351,36,1
351,37,1
351,38,1
351,39,2
351,40,2
351,41,2
351,42,0
351,43,1
351,44,0
351,45,1
351,46,0
351,47,1
351,48,2
351,49,1
351,50,1
352,1,1
352,2,0
352,3,1
352,4,1
352,5,0
352,6,2
352,7,2
352,8,0
352,9,0
352,10,1
352,11,2
352,12,0
352,13,0
352,14,1
352,15,1
352,16,0
352,17,2
352,18,1
352,19,2
352,20,1
352,21,0
352,22,0
352,23,1
352,24,2
352,25,1
352,26,0
352,27,2
352,28,2
352,29,1
352,30,1
352,31,2
352,32,1
352,33,0
352,34,1
352,35,2
352,36,2
352,37,1
352,38,0
352,39,0
352,40,1
352,41,1
352,42,0
352,43,2
352,44,2
352,45,1
352,46,0
352,47,1
352,48,0
352,49,1
352,50,0
353,1,0
353,2,2
353,3,0
353,4,1
353,5,2
353,6,1
353,7,2
353,8,0
353,9,1
353,10,0
353,11,2
353,12,0
353,13,1
353,14,0
353,15,2
353,16,0
353,17,0
353,18,1
353,19,0
353,20,1
353,21,2
353,22,1
353,23,0
353,24,0
353,25,1
353,26,2
353,27,0
353,28,0
353,29,1
353,30,2
353,31,2
353,32,2
353,33,1
353,34,1
353,35,0
353,36,0
353,37,1
353,38,2
353,39,1
353,40,0
353,41,0
353,42,1
353,43,2
353,44,0
353,45,1
353,46,2
353,47,0
353,48,1
353,49,0
353,50,2
354,1,1
354,2,2
354,3,1
354,4,0
354,5,1
354,6,2
354,7,0
354,8,1
354,9,2
354,10,0
354,11,2
354,12,1
354,13,0
354,14,2
354,15,1
354,16,0
354,17,2
354,18,2
354,19,1
354,20,0
354,21,0
354,22,2
354,23,1
354,24,0
354,25,1
354,26,1
354,27,2
354,28,1
354,29,0
354,30,2
354,31,1
354,32,2
354,33,1
354,34,0
354,35,1
354,36,1
354,37,2
354,38,2
354,39,1
354,40,0
354,41,2
354,42,1
354,43,0
354,44,1
354,45,2
354,46,2
354,47,1
354,48,1
354,49,2
354,50,0
355,1,1
355,2,0
355,3,1
355,4,2
355,5,2
355,6,1
355,7,1
355,8,2
355,9,2
355,10,1
355,11,0
355,12,0
355,13,0
355,14,1
355,15,1
355,16,2
355,17,2
355,18,2
355,19,2
355,20,2
355,21,1
355,22,0
355,23,1
355,24,1
355,25,1
355,26,0
355,27,0
355,28,0
355,29,1
355,30,2
355,31,0
355,32,1
355,33,1
355,34,1
355,35,0
355,36,2
355,37,0
355,38,1
355,39,2
355,40,1
355,41,0
355,42,1
355,43,0
355,44,0
355,45,2
355,46,0
355,47,2
355,48,1
355,49,0
355,50,0
356,1,0
356,2,1
356,3,2
356,4,2
356,5,2
356,6,2
356,7,2
356,8,1
356,9,1
356,10,0
356,11,1
356,12,1
356,13,0
356,14,1
356,15,2
356,16,2
356,17,1
356,18,1
356,19,0
356,20,0
356,21,0
356,22,1
356,23,2
356,24,1
356,25,0
356,26,1
356,27,2
356,28,1
356,29,0
356,30,1
356,31,2
356,32,1
356,33,0
356,34,1
356,35,2
356,36,2
356,37,1
356,38,1
356,39,1
356,40,0
356,41,0
356,42,1
356,43,2
356,44,2
356,45,2
356,46,2
356,47,1
356,48,1
356,49,0
356,50,0
357,1,1
357,2,2
357,3,1
357,4,0
357,5,2
357,6,1
357,7,1
357,8,2
357,9,0
357,10,0
357,11,1
357,12,0
357,13,0
357,14,1
357,15,2
357,16,1
357,17,2
357,18,1
357,19,0
357,20,1
357,21,2
357,22,1
357,23,0
357,24,1
357,25,2
357,26,2
357,27,1
357,28,1
357,29,2
357,30,2
357,31,0
357,32,1
357,33,0
357,34,1
357,35,2
357,36,1
357,37,0
357,38,1
357,39,2
357,40,1
357,41,0
357,42,1
357,43,2
357,44,1
357,45,0
357,46,1
357,47,2
357,48,1
357,49,0
357,50,1
358,1,0
358,2,1
358,3,2
358,4,1
358,5,0
358,6,1
358,7,2
358,8,1
358,9,0
358,10,1
358,11,2
358,12,1
358,13,0
358,14,1
358,15,2
358,16,1
358,17,0
358,18,1
358,19,2
358,20,1
358,21,0
358,22,1
358,23,2
358,24,1
358,25,0
358,26,1
358,27,2
358,28,1
358,29,0
358,30,1
358,31,2
358,32,1
358,33,0
358,34,1
358,35,2
358,36,1
358,37,0
358,38,1
358,39,2
358,40,1
358,41,0
358,42,1
358,43,2
358,44,1
358,45,0
358,46,2
358,47,1
358,48,0
358,49,1
358,50,2
359,1,2
359,2,1
359,3,0
359,4,2
359,5,1
359,6,0
359,7,2
359,8,1
359,9,0
359,10,2
359,11,1
359,12,0
359,13,2
359,14,1
359,15,0
359,16,2
359,17,1
359,18,0
359,19,2
359,20,1
359,21,0
359,22,2
359,23,1
359,24,0
359,25,2
359,26,1
359,27,0
359,28,2
359,29,1
359,30,0
359,31,2
359,32,1
359,33,0
359,34,2
359,35,1
359,36,0
359,37,2
359,38,1
359,39,0
359,40,2
359,41,1
359,42,0
359,43,2
359,44,1
359,45,0
359,46,2
359,47,1
359,48,0
359,49,2
359,50,1
360,1,0
360,2,0
360,3,0
360,4,0
360,5,1
360,6,1
360,7,0
360,8,2
360,9,0
360,10,1
360,11,2
360,12,0
360,13,0
360,14,0
360,15,1
360,16,0
360,17,2
360,18,0
360,19,1
360,20,2
360,21,0
360,22,1
360,23,2
360,24,0
360,25,0
360,26,1
360,27,1
360,28,0
360,29,0
360,30,0
360,31,0
360,32,2
360,33,0
360,34,1
360,35,0
360,36,0
360,37,1
360,38,0
360,39,2
360,40,0
360,41,0
360,42,1
360,43,0
360,44,0
360,45,1
360,46,0
360,47,2
360,48,0
360,49,0
360,50,1
361,1,1
361,2,0
361,3,1
361,4,0
361,5,2
361,6,1
361,7,1
361,8,1
361,9,2
361,10,2
361,11,2
361,12,0
361,13,0
361,14,0
361,15,0
361,16,1
361,17,1
361,18,2
361,19,2
361,20,2
361,21,1
361,22,1
361,23,1
361,24,1
361,25,1
361,26,2
361,27,1
361,28,0
361,29,1
361,30,1
361,31,1
361,32,1
361,33,1
361,34,2
361,35,2
361,36,2
361,37,2
361,38,2
361,39,2
361,40,0
361,41,0
361,42,0
361,43,0
361,44,0
361,45,1
361,46,0
361,47,1
361,48,2
361,49,0
361,50,1
362,1,1
362,2,0
362,3,2
362,4,1
362,5,0
362,6,2
362,7,1
362,8,2
362,9,2
362,10,1
362,11,1
362,12,0
362,13,2
362,14,0
362,15,1
362,16,2
362,17,1
362,18,1
362,19,0
362,20,2
362,21,1
362,22,0
362,23,2
362,24,1
362,25,2
362,26,2
362,27,0
362,28,0
362,29,0
362,30,1
362,31,2
362,32,1
362,33,0
362,34,2
362,35,2
362,36,0
362,37,1
362,38,2
362,39,0
362,40,1
362,41,2
362,42,0
362,43,1
362,44,2
362,45,2
362,46,1
362,47,0
362,48,2
362,49,1
362,50,1
363,1,0
363,2,1
363,3,2
363,4,0
363,5,1
363,6,2
363,7,2
363,8,0
363,9,1
363,10,2
363,11,0
363,12,1
363,13,2
363,14,0
363,15,1
363,16,0
363,17,1
363,18,2
363,19,0
363,20,1
363,21,2
363,22,0
363,23,1
363,24,2
363,25,0
363,26,1
363,27,2
363,28,0
363,29,1
363,30,2
363,31,0
363,32,1
363,33,2
363,34,0
363,35,1
363,36,2
363,37,0
363,38,1
363,39,2
363,40,0
363,41,1
363,42,2
363,43,0
363,44,1
363,45,2
363,46,0
363,47,1
363,48,2
363,49,0
363,50,1
364,1,0
364,2,0
364,3,0
364,4,0
364,5,1
364,6,1
364,7,1
364,8,2
364,9,2
364,10,1
364,11,0
364,12,1
364,13,1
364,14,2
364,15,1
364,16,1
364,17,0
364,18,1
364,19,1
364,20,2
364,21,1
364,22,0
364,23,0
364,24,0
364,25,0
364,26,1
364,27,1
364,28,2
364,29,2
364,30,1
364,31,0
364,32,0
364,33,1
364,34,2
364,35,1
364,36,0
364,37,0
364,38,1
364,39,0
364,40,1
364,41,2
364,42,0
364,43,2
364,44,1
364,45,0
364,46,1
364,47,2
364,48,1
364,49,0
364,50,1
365,1,2
365,2,1
365,3,1
365,4,0
365,5,0
365,6,1
365,7,2
365,8,2
365,9,2
365,10,1
365,11,0
365,12,0
365,13,0
365,14,1
365,15,2
365,16,0
365,17,1
365,18,1
365,19,0
365,20,0
365,21,0
365,22,2
365,23,1
365,24,1
365,25,0
365,26,1
365,27,1
365,28,1
365,29,1
365,30,1
365,31,2
365,32,2
365,33,2
365,34,2
365,35,0
365,36,0
365,37,2
365,38,0
365,39,2
365,40,0
365,41,1
365,42,0
365,43,2
365,44,2
365,45,1
365,46,0
365,47,0
365,48,0
365,49,0
365,50,1
366,1,2
366,2,2
366,3,2
366,4,2
366,5,1
366,6,1
366,7,1
366,8,0
366,9,0
366,10,0
366,11,1
366,12,1
366,13,2
366,14,2
366,15,1
366,16,0
366,17,0
366,18,0
366,19,0
366,20,1
366,21,1
366,22,1
366,23,1
366,24,2
366,25,2
366,26,2
366,27,2
366,28,1
366,29,1
366,30,1
366,31,0
366,32,0
366,33,0
366,34,1
366,35,2
366,36,1
366,37,0
366,38,0
366,39,0
366,40,1
366,41,2
366,42,2
366,43,1
366,44,0
366,45,0
366,46,0
366,47,1
366,48,2
366,49,1
366,50,0
367,1,0
367,2,1
367,3,2
367,4,2
367,5,1
367,6,0
367,7,0
367,8,1
367,9,2
367,10,2
367,11,0
367,12,0
367,13,1
367,14,1
367,15,0
367,16,2
367,17,2
367,18,2
367,19,1
367,20,1
367,21,1
367,22,2
367,23,1
367,24,0
367,25,1
367,26,2
367,27,2
367,28,0
367,29,0
367,30,1
367,31,0
367,32,0
367,33,1
367,34,1
367,35,2
367,36,1
367,37,0
367,38,2
367,39,2
367,40,1
367,41,0
367,42,0
367,43,2
367,44,2
367,45,2
367,46,1
367,47,0
367,48,1
367,49,0
367,50,2
368,1,0
368,2,2
368,3,0
368,4,1
368,5,0
368,6,2
368,7,0
368,8,1
368,9,0
368,10,2
368,11,0
368,12,1
368,13,0
368,14,1
368,15,0
368,16,2
368,17,0
368,18,1
368,19,0
368,20,2
368,21,2
368,22,0
368,23,1
368,24,0
368,25,2
368,26,2
368,27,0
368,28,0
368,29,1
368,30,0
368,31,1
368,32,0
368,33,1
368,34,2
368,35,1
368,36,0
368,37,0
368,38,0
368,39,0
368,40,0
368,41,2
368,42,1
368,43,0
368,44,2
368,45,0
368,46,1
368,47,0
368,48,0
368,49,0
368,50,0
369,1,2
369,2,2
369,3,1
369,4,0
369,5,2
369,6,1
369,7,2
369,8,0
369,9,2
369,10,1
369,11,0
369,12,0
369,13,1
369,14,1
369,15,2
369,16,2
369,17,2
369,18,0
369,19,0
369,20,1
369,21,2
369,22,1
369,23,1
369,24,2
369,25,2
369,26,0
369,27,0
369,28,1
369,29,2
369,30,1
369,31,0
369,32,1
369,33,2
369,34,2
369,35,2
369,36,1
369,37,0
369,38,1
369,39,2
369,40,1
369,41,0
369,42,1
369,43,2
369,44,1
369,45,0
369,46,2
369,47,1
369,48,2
369,49,1
369,50,2
370,1,1
370,2,0
370,3,1
370,4,2
370,5,0
370,6,0
370,7,0
370,8,0
370,9,0
370,10,0
370,11,0
370,12,0
370,13,0
370,14,0
370,15,0
370,16,0
370,17,0
370,18,0
370,19,0
370,20,0
370,21,0
370,22,0
370,23,0
370,24,0
370,25,0
370,26,0
370,27,0
370,28,0
370,29,0
370,30,0
370,31,0
370,32,0
370,33,0
370,34,0
370,35,0
370,36,0
370,37,0
370,38,0
370,39,0
370,40,0
370,41,0
370,42,0
370,43,0
370,44,0
370,45,0
370,46,0
370,47,0
370,48,0
370,49,0
370,50,0
371,1,0
371,2,2
371,3,1
371,4,0
371,5,1
371,6,2
371,7,2
371,8,1
371,9,2
371,10,1
371,11,0
371,12,2
371,13,0
371,14,2
371,15,0
371,16,1
371,17,2
371,18,2
371,19,1
371,20,0
371,21,2
371,22,1
371,23,1
371,24,1
371,25,2
371,26,2
371,27,2
371,28,0
371,29,1
371,30,1
371,31,0
371,32,2
371,33,1
371,34,1
371,35,0
371,36,2
371,37,1
371,38,1
371,39,2
371,40,0
371,41,1
371,42,0
371,43,1
371,44,1
371,45,2
371,46,0
371,47,1
371,48,0
371,49,0
371,50,2
372,1,1
372,2,0
372,3,1
372,4,2
372,5,0
372,6,2
372,7,1
372,8,1
372,9,2
372,10,0
372,11,0
372,12,2
372,13,1
372,14,2
372,15,0
372,16,1
372,17,1
372,18,0
372,19,2
372,20,2
372,21,0
372,22,0
372,23,2
372,24,0
372,25,1
372,26,1
372,27,0
372,28,2
372,29,1
372,30,2
372,31,0
372,32,2
372,33,1
372,34,1
372,35,0
372,36,2
372,37,1
372,38,0
372,39,2
372,40,1
372,41,2
372,42,2
372,43,1
372,44,1
372,45,2
372,46,0
372,47,1
372,48,2
372,49,1
372,50,0
373,1,2
373,2,1
373,3,2
373,4,0
373,5,2
373,6,2
373,7,1
373,8,0
373,9,1
373,10,2
373,11,2
373,12,0
373,13,2
373,14,1
373,15,1
373,16,2
373,17,0
373,18,1
373,19,2
373,20,0
373,21,1
373,22,1
373,23,0
373,24,2
373,25,2
373,26,0
373,27,2
373,28,1
373,29,2
373,30,0
373,31,1
373,32,2
373,33,2
373,34,1
373,35,2
373,36,0
373,37,1
373,38,2
373,39,2
373,40,2
373,41,1
373,42,1
373,43,2
373,44,0
373,45,1
373,46,2
373,47,2
373,48,2
373,49,1
373,50,1
374,1,0
374,2,0
374,3,2
374,4,1
374,5,0
374,6,1
374,7,0
374,8,2
374,9,1
374,10,0
374,11,1
374,12,0
374,13,2
374,14,1
374,15,0
374,16,0
374,17,1
374,18,0
374,19,2
374,20,0
374,21,0
374,22,1
374,23,2
374,24,0
374,25,0
374,26,0
374,27,1
374,28,0
374,29,2
374,30,2
374,31,0
374,32,0
374,33,0
374,34,0
374,35,0
374,36,1
374,37,0
374,38,0
374,39,2
374,40,2
374,41,1
374,42,0
374,43,0
374,44,0
374,45,1
374,46,0
374,47,2
374,48,2
374,49,0
374,50,0
375,1,1
375,2,1
375,3,2
375,4,1
375,5,0
375,6,0
375,7,1
375,8,1
375,9,2
375,10,1
375,11,0
375,12,1
375,13,2
375,14,1
375,15,1
375,16,2
375,17,0
375,18,0
375,19,1
375,20,2
375,21,2
375,22,1
375,23,0
375,24,1
375,25,1
375,26,2
375,27,2
375,28,1
375,29,0
375,30,0
375,31,2
375,32,0
375,33,1
375,34,2
375,35,1
375,36,2
375,37,1
375,38,0
375,39,2
375,40,1
375,41,0
375,42,2
375,43,1
375,44,0
375,45,1
375,46,2
375,47,1
375,48,0
375,49,0
375,50,1
376,1,1
376,2,2
376,3,1
376,4,0
376,5,1
376,6,0
376,7,2
376,8,1
376,9,0
376,10,2
376,11,2
376,12,0
376,13,1
376,14,2
376,15,1
376,16,2
376,17,0
376,18,1
376,19,2
376,20,2
376,21,1
376,22,1
376,23,2
376,24,0
376,25,1
376,26,0
376,27,2
376,28,1
376,29,2
376,30,0
376,31,1
376,32,2
376,33,0
376,34,0
376,35,1
376,36,2
376,37,1
376,38,2
376,39,0
376,40,1
376,41,2
376,42,2
376,43,1
376,44,0
376,45,1
376,46,1
376,47,0
376,48,2
376,49,1
376,50,2
377,1,0
377,2,0
377,3,0
377,4,0
377,5,1
377,6,1
377,7,1
377,8,1
377,9,0
377,10,0
377,11,1
377,12,1
377,13,2
377,14,2
377,15,0
377,16,1
377,17,0
377,18,0
377,19,2
377,20,2
377,21,0
377,22,0
377,23,0
377,24,0
377,25,0
377,26,1
377,27,1
377,28,2
377,29,0
377,30,0
377,31,0
377,32,2
377,33,2
377,34,2
377,35,1
377,36,0
377,37,0
377,38,2
377,39,2
377,40,1
377,41,1
377,42,0
377,43,2
377,44,1
377,45,1
377,46,0
377,47,0
377,48,0
377,49,2
377,50,2
378,1,1
378,2,1
378,3,1
378,4,0
378,5,2
378,6,1
378,7,2
378,8,2
378,9,2
378,10,2
378,11,0
378,12,1
378,13,1
378,14,1
378,15,0
378,16,0
378,17,0
378,18,2
378,19,2
378,20,1
378,21,0
378,22,0
378,23,0
378,24,2
378,25,2
378,26,2
378,27,2
378,28,2
378,29,1
378,30,0
378,31,1
378,32,0
378,33,0
378,34,1
378,35,2
378,36,0
378,37,0
378,38,1
378,39,1
378,40,0
378,41,2
378,42,2
378,43,2
378,44,2
378,45,1
378,46,1
378,47,0
378,48,1
378,49,2
378,50,2
379,1,2
379,2,0
379,3,0
379,4,1
379,5,0
379,6,2
379,7,0
379,8,0
379,9,1
379,10,0
379,11,2
379,12,2
379,13,0
379,14,2
379,15,2
379,16,1
379,17,2
379,18,2
379,19,0
379,20,0
379,21,1
379,22,2
379,23,2
379,24,0
379,25,1
379,26,1
379,27,0
379,28,2
379,29,2
379,30,0
379,31,2
379,32,0
379,33,0
379,34,1
379,35,1
379,36,0
379,37,0
379,38,2
379,39,2
379,40,1
379,41,1
379,42,0
379,43,0
379,44,1
379,45,1
379,46,0
379,47,2
379,48,2
379,49,1
379,50,1
380,1,2
380,2,0
380,3,1
380,4,1
380,5,0
380,6,2
380,7,1
380,8,0
380,9,2
380,10,1
380,11,0
380,12,1
380,13,1
380,14,0
380,15,2
380,16,1
380,17,2
380,18,1
380,19,0
380,20,0
380,21,0
380,22,1
380,23,2
380,24,2
380,25,1
380,26,0
380,27,1
380,28,2
380,29,1
380,30,2
380,31,0
380,32,1
380,33,1
380,34,0
380,35,2
380,36,1
380,37,1
380,38,2
380,39,0
380,40,0
380,41,0
380,42,1
380,43,2
380,44,0
380,45,1
380,46,2
380,47,1
380,48,2
380,49,0
380,50,2
381,1,1
381,2,2
381,3,0
381,4,0
381,5,1
381,6,0
381,7,2
381,8,1
381,9,0
381,10,2
381,11,1
381,12,1
381,13,2
381,14,2
381,15,1
381,16,1
381,17,1
381,18,0
381,19,0
381,20,1
381,21,2
381,22,1
381,23,0
381,24,1
381,25,2
381,26,2
381,27,1
381,28,0
381,29,1
381,30,2
381,31,0
381,32,1
381,33,1
381,34,2
381,35,0
381,36,1
381,37,1
381,38,1
381,39,1
381,40,1
381,41,1
381,42,1
381,43,1
381,44,2
381,45,2
381,46,2
381,47,2
381,48,0
381,49,0
381,50,0
382,1,1
382,2,0
382,3,1
382,4,2
382,5,0
382,6,1
382,7,0
382,8,0
382,9,1
382,10,2
382,11,1
382,12,2
382,13,0
382,14,1
382,15,2
382,16,0
382,17,1
382,18,0
382,19,0
382,20,1
382,21,2
382,22,0
382,23,2
382,24,1
382,25,0
382,26,0
382,27,1
382,28,1
382,29,0
382,30,1
382,31,2
382,32,0
382,33,1
382,34,2
382,35,0
382,36,0
382,37,2
382,38,2
382,39,1
382,40,0
382,41,1
382,42,2
382,43,0
382,44,1
382,45,2
382,46,0
382,47,2
382,48,1
382,49,0
382,50,1
383,1,0
383,2,2
383,3,1
383,4,2
383,5,1
383,6,2
383,7,0
383,8,1
383,9,1
383,10,1
383,11,0
383,12,2
383,13,2
383,14,2
383,15,1
383,16,2
383,17,0
383,18,1
383,19,2
383,20,0
383,21,0
383,22,0
383,23,1
383,24,2
383,25,0
383,26,1
383,27,2
383,28,2
383,29,2
383,30,2
383,31,1
383,32,2
383,33,2
383,34,1
383,35,0
383,36,1
383,37,1
383,38,2
383,39,1
383,40,0
383,41,0
383,42,0
383,43,1
383,44,2
383,45,1
383,46,0
383,47,0
383,48,0
383,49,0
383,50,1
384,1,1
384,2,0
384,3,2
384,4,1
384,5,2
384,6,0
384,7,0
384,8,2
384,9,1
384,10,0
384,11,1
384,12,2
384,13,0
384,14,1
384,15,0
384,16,0
384,17,2
384,18,1
384,19,0
384,20,2
384,21,0
384,22,1
384,23,2
384,24,1
384,25,0
384,26,1
384,27,0
384,28,2
384,29,1
384,30,0
384,31,2
384,32,1
384,33,0
384,34,1
384,35,0
384,36,2
384,37,0
384,38,1
384,39,0
384,40,2
384,41,1
384,42,0
384,43,1
384,44,1
384,45,2
384,46,0
384,47,2
384,48,0
384,49,1
384,50,0
385,1,0
385,2,2
385,3,1
385,4,0
385,5,1
385,6,0
385,7,2
385,8,1
385,9,1
385,10,0
385,11,0
385,12,2
385,13,1
385,14,2
385,15,0
385,16,2
385,17,1
385,18,2
385,19,2
385,20,0
385,21,0
385,22,0
385,23,1
385,24,2
385,25,1
385,26,1
385,27,1
385,28,0
385,29,1
385,30,1
385,31,2
385,32,2
385,33,2
385,34,1
385,35,0
385,36,0
385,37,0
385,38,0
385,39,0
385,40,0
385,41,1
385,42,2
385,43,2
385,44,1
385,45,1
385,46,0
385,47,1
385,48,2
385,49,0
385,50,1
386,1,1
386,2,2
386,3,0
386,4,2
386,5,1
386,6,2
386,7,0
386,8,0
386,9,1
386,10,0
386,11,0
386,12,2
386,13,2
386,14,1
386,15,0
386,16,2
386,17,1
386,18,0
386,19,0
386,20,2
386,21,1
386,22,2
386,23,0
386,24,0
386,25,0
386,26,1
386,27,1
386,28,1
386,29,0
386,30,2
386,31,2
386,32,0
386,33,2
386,34,2
386,35,0
386,36,1
386,37,1
386,38,1
386,39,2
386,40,2
386,41,2
386,42,1
386,43,1
386,44,0
386,45,0
386,46,2
386,47,1
386,48,2
386,49,0
386,50,2
387,1,1
387,2,2
387,3,0
387,4,2
387,5,1
387,6,0
387,7,2
387,8,1
387,9,2
387,10,0
387,11,2
387,12,2
387,13,1
387,14,2
387,15,0
387,16,1
387,17,2
387,18,0
387,19,1
387,20,2
387,21,2
387,22,1
387,23,0
387,24,0
387,25,1
387,26,2
387,27,1
387,28,0
387,29,2
387,30,1
387,31,1
387,32,0
387,33,1
387,34,2
387,35,1
387,36,0
387,37,2
387,38,1
387,39,1
387,40,0
387,41,2
387,42,0
387,43,1
387,44,2
387,45,0
387,46,0
387,47,1
387,48,1
387,49,0
387,50,2
388,1,1
388,2,0
388,3,1
388,4,2
388,5,2
388,6,2
388,7,1
388,8,2
388,9,0
388,10,1
388,11,0
388,12,1
388,13,0
388,14,2
388,15,0
388,16,1
388,17,1
388,18,0
388,19,2
388,20,1
388,21,0
388,22,0
388,23,1
388,24,2
388,25,1
388,26,1
388,27,2
388,28,0
388,29,0
388,30,1
388,31,2
388,32,0
388,33,1
388,34,2
388,35,2
388,36,0
388,37,0
388,38,1
388,39,2
388,40,1
388,41,0
388,42,1
388,43,0
388,44,0
388,45,2
388,46,2
388,47,0
388,48,2
388,49,1
388,50,1
389,1,1
389,2,0
389,3,2
389,4,1
389,5,2
389,6,0
389,7,1
389,8,0
389,9,0
389,10,1
389,11,0
389,12,2
389,13,1
389,14,2
389,15,2
389,16,2
389,17,0
389,18,1
389,19,0
389,20,2
389,21,1
389,22,1
389,23,2
389,24,0
389,25,1
389,26,0
389,27,2
389,28,0
389,29,2
389,30,2
389,31,1
389,32,2
389,33,2
389,34,1
389,35,0
389,36,1
389,37,1
389,38,1
389,39,2
389,40,0
389,41,1
389,42,0
389,43,0
389,44,0
389,45,1
389,46,2
389,47,2
389,48,1
389,49,0
389,50,2
390,1,2
390,2,1
390,3,0
390,4,1
390,5,2
390,6,0
390,7,1
390,8,1
390,9,2
390,10,1
390,11,1
390,12,0
390,13,1
390,14,2
390,15,1
390,16,0
390,17,2
390,18,0
390,19,1
390,20,0
390,21,0
390,22,1
390,23,2
390,24,0
390,25,2
390,26,1
390,27,2
390,28,2
390,29,0
390,30,1
390,31,2
390,32,1
390,33,2
390,34,0
390,35,1
390,36,2
390,37,1
390,38,0
390,39,2
390,40,0
390,41,1
390,42,2
390,43,0
390,44,1
390,45,2
390,46,0
390,47,1
390,48,0
390,49,2
390,50,1
391,1,0
391,2,0
391,3,0
391,4,0
391,5,0
391,6,1
391,7,1
391,8,1
391,9,1
391,10,2
391,11,2
391,12,2
391,13,2
391,14,1
391,15,2
391,16,1
391,17,2
391,18,1
391,19,1
391,20,2
391,21,2
391,22,1
391,23,1
391,24,2
391,25,0
391,26,0
391,27,0
391,28,1
391,29,2
391,30,2
391,31,1
391,32,1
391,33,0
391,34,1
391,35,2
391,36,1
391,37,0
391,38,2
391,39,0
391,40,0
391,41,2
391,42,2
391,43,1
391,44,1
391,45,2
391,46,1
391,47,2
391,48,1
391,49,1
391,50,0
392,1,0
392,2,1
392,3,2
392,4,2
392,5,1
392,6,1
392,7,0
392,8,2
392,9,1
392,10,1
392,11,2
392,12,1
392,13,2
392,14,2
392,15,2
392,16,2
392,17,2
392,18,2
392,19,0
392,20,0
392,21,1
392,22,2
392,23,0
392,24,1
392,25,2
392,26,0
392,27,1
392,28,2
392,29,1
392,30,1
392,31,2
392,32,0
392,33,1
392,34,2
392,35,0
392,36,1
392,37,2
392,38,2
392,39,1
392,40,2
392,41,0
392,42,2
392,43,2
392,44,1
392,45,0
392,46,2
392,47,1
392,48,0
392,49,2
392,50,1
393,1,2
393,2,0
393,3,0
393,4,1
393,5,1
393,6,1
393,7,0
393,8,2
393,9,2
393,10,2
393,11,0
393,12,0
393,13,2
393,14,2
393,15,2
393,16,2
393,17,1
393,18,2
393,19,0
393,20,0
393,21,0
393,22,0
393,23,2
393,24,2
393,25,2
393,26,1
393,27,2
393,28,0
393,29,2
393,30,1
393,31,2
393,32,0
393,33,0
393,34,0
393,35,2
393,36,2
393,37,2
393,38,2
393,39,2
393,40,2
393,41,2
393,42,2
393,43,1
393,44,1
393,45,1
393,46,1
393,47,1
393,48,1
393,49,1
393,50,1
394,1,1
394,2,1
394,3,2
394,4,0
394,5,0
394,6,2
394,7,2
394,8,2
394,9,1
394,10,1
394,11,2
394,12,2
394,13,0
394,14,0
394,15,1
394,16,2
394,17,0
394,18,1
394,19,1
394,20,2
394,21,0
394,22,0
394,23,2
394,24,0
394,25,1
394,26,2
394,27,0
394,28,1
394,29,0
394,30,0
394,31,1
394,32,2
394,33,0
394,34,1
394,35,1
394,36,2
394,37,0
394,38,2
394,39,2
394,40,1
394,41,0
394,42,0
394,43,0
394,44,0
394,45,2
394,46,2
394,47,1
394,48,0
394,49,1
394,50,2
395,1,2
395,2,2
395,3,1
395,4,0
395,5,0
395,6,1
395,7,1
395,8,2
395,9,0
395,10,1
395,11,2
395,12,1
395,13,0
395,14,2
395,15,2
395,16,2
395,17,0
395,18,2
395,19,0
395,20,2
395,21,1
395,22,2
395,23,2
395,24,0
395,25,0
395,26,1
395,27,1
395,28,2
395,29,2
395,30,0
395,31,0
395,32,1
395,33,1
395,34,0
395,35,0
395,36,1
395,37,2
395,38,0
395,39,0
395,40,1
395,41,0
395,42,0
395,43,1
395,44,0
395,45,2
395,46,2
395,47,2
395,48,1
395,49,2
395,50,0
396,1,1
396,2,1
396,3,0
396,4,1
396,5,2
396,6,2
396,7,2
396,8,1
396,9,2
396,10,0
396,11,0
396,12,1
396,13,1
396,14,1
396,15,1
396,16,2
396,17,2
396,18,0
396,19,0
396,20,2
396,21,2
396,22,0
396,23,0
396,24,2
396,25,2
396,26,0
396,27,1
396,28,1
396,29,1
396,30,1
396,31,1
396,32,0
396,33,1
396,34,1
396,35,1
396,36,0
396,37,0
396,38,2
396,39,2
396,40,2
396,41,2
396,42,1
396,43,2
396,44,2
396,45,2
396,46,1
396,47,1
396,48,0
396,49,0
396,50,1
397,1,0
397,2,0
397,3,0
397,4,1
397,5,1
397,6,1
397,7,1
397,8,1
397,9,2
397,10,2
397,11,0
397,12,0
397,13,1
397,14,1
397,15,2
397,16,1
397,17,1
397,18,2
397,19,2
397,20,2
397,21,2
397,22,2
397,23,1
397,24,0
397,25,0
397,26,0
397,27,0
397,28,0
397,29,1
397,30,1
397,31,1
397,32,2
397,33,2
397,34,1
397,35,1
397,36,1
397,37,0
397,38,1
397,39,2
397,40,1
397,41,0
397,42,1
397,43,2
397,44,1
397,45,0
397,46,1
397,47,1
397,48,1
397,49,0
397,50,1
398,1,0
398,2,1
398,3,2
398,4,2
398,5,2
398,6,1
398,7,0
398,8,1
398,9,0
398,10,1
398,11,0
398,12,1
398,13,2
398,14,2
398,15,0
398,16,1
398,17,2
398,18,0
398,19,1
398,20,2
398,21,1
398,22,1
398,23,1
398,24,2
398,25,0
398,26,0
398,27,1
398,28,2
398,29,0
398,30,2
398,31,0
398,32,1
398,33,0
398,34,2
398,35,2
398,36,2
398,37,1
398,38,0
398,39,2
398,40,1
398,41,0
398,42,2
398,43,1
398,44,0
398,45,2
398,46,1
398,47,2
398,48,0
398,49,1
398,50,0
399,1,0
399,2,1
399,3,2
399,4,0
399,5,0
399,6,1
399,7,0
399,8,2
399,9,1
399,10,0
399,11,0
399,12,1
399,13,2
399,14,2
399,15,1
399,16,0
399,17,1
399,18,2
399,19,0
399,20,1
399,21,1
399,22,0
399,23,1
399,24,2
399,25,1
399,26,0
399,27,1
399,28,2
399,29,1
399,30,0
399,31,1
399,32,0
399,33,2
399,34,1
399,35,0
399,36,1
399,37,2
399,38,0
399,39,1
399,40,1
399,41,0
399,42,1
399,43,2
399,44,1
399,45,0
399,46,0
399,47,1
399,48,2
399,49,1
399,50,0
400,1,2
400,2,0
400,3,1
400,4,0
400,5,1
400,6,2
400,7,1
400,8,2
400,9,0
400,10,1
400,11,0
400,12,2
400,13,1
400,14,0
400,15,1
400,16,0
400,17,0
400,18,1
400,19,0
400,20,1
400,21,0
400,22,1
400,23,2
400,24,0
400,25,1
400,26,2
400,27,2
400,28,1
400,29,1
400,30,1
400,31,1
400,32,1
400,33,1
400,34,1
400,35,1
400,36,1
400,37,1
400,38,1
400,39,1
400,40,1
400,41,1
400,42,1
400,43,1
400,44,1
400,45,1
400,46,1
400,47,1
400,48,1
400,49,1
400,50,1
401,1,2
401,2,1
401,3,0
401,4,0
401,5,2
401,6,1
401,7,0
401,8,1
401,9,0
401,10,2
401,11,2
401,12,0
401,13,0
401,14,1
401,15,1
401,16,0
401,17,1
401,18,2
401,19,0
401,20,0
401,21,1
401,22,0
401,23,2
401,24,1
401,25,2
401,26,0
401,27,1
401,28,0
401,29,2
401,30,2
401,31,2
401,32,0
401,33,1
401,34,0
401,35,2
401,36,0
401,37,1
401,38,0
401,39,2
401,40,0
401,41,1
401,42,0
401,43,1
401,44,0
401,45,0
401,46,1
401,47,2
401,48,0
401,49,1
401,50,1
402,1,1
402,2,0
402,3,0
402,4,2
402,5,2
402,6,1
402,7,0
402,8,1
402,9,1
402,10,2
402,11,0
402,12,1
402,13,1
402,14,2
402,15,1
402,16,1
402,17,1
402,18,0
402,19,1
402,20,2
402,21,2
402,22,1
402,23,0
402,24,0
402,25,2
402,26,1
402,27,0
402,28,0
402,29,1
402,30,0
402,31,1
402,32,2
402,33,1
402,34,0
402,35,1
402,36,1
402,37,1
402,38,0
402,39,1
402,40,2
402,41,1
402,42,1
402,43,0
402,44,0
402,45,0
402,46,1
402,47,2
402,48,2
402,49,0
402,50,1
403,1,0
403,2,0
403,3,1
403,4,1
403,5,2
403,6,2
403,7,1
403,8,0
403,9,1
403,10,1
403,11,1
403,12,2
403,13,1
403,14,0
403,15,1
403,16,2
403,17,1
403,18,0
403,19,1
403,20,0
403,21,1
403,22,2
403,23,1
403,24,0
403,25,1
403,26,2
403,27,1
403,28,0
403,29,1
403,30,2
403,31,1
403,32,0
403,33,1
403,34,2
403,35,2
403,36,2
403,37,2
403,38,2
403,39,1
403,40,0
403,41,0
403,42,0
403,43,1
403,44,2
403,45,1
403,46,1
403,47,1
403,48,2
403,49,0
403,50,0
404,1,0
404,2,1
404,3,2
404,4,1
404,5,0
404,6,1
404,7,2
404,8,1
404,9,0
404,10,1
404,11,2
404,12,1
404,13,0
404,14,1
404,15,2
404,16,1
404,17,0
404,18,1
404,19,2
404,20,1
404,21,0
404,22,1
404,23,2
404,24,1
404,25,0
404,26,1
404,27,2
404,28,1
404,29,0
404,30,1
404,31,2
404,32,1
404,33,0
404,34,1
404,35,2
404,36,1
404,37,0
404,38,1
404,39,2
404,40,1
404,41,0
404,42,1
404,43,2
404,44,1
404,45,0
404,46,1
404,47,2
404,48,1
404,49,0
404,50,1
405,1,2
405,2,2
405,3,1
405,4,0
405,5,0
405,6,1
405,7,2
405,8,2
405,9,2
405,10,1
405,11,0
405,12,1
405,13,2
405,14,2
405,15,2
405,16,1
405,17,0
405,18,1
405,19,2
405,20,2
405,21,2
405,22,1
405,23,0
405,24,1
405,25,2
405,26,2
405,27,2
405,28,1
405,29,0
405,30,1
405,31,2
405,32,2
405,33,2
405,34,1
405,35,0
405,36,1
405,37,2
405,38,2
405,39,1
405,40,0
405,41,1
405,42,2
405,43,2
405,44,1
405,45,0
405,46,1
405,47,2
405,48,2
405,49,2
405,50,1
406,1,1
406,2,0
406,3,2
406,4,1
406,5,0
406,6,1
406,7,2
406,8,1
406,9,2
406,10,1
406,11,0
406,12,0
406,13,1
406,14,1
406,15,2
406,16,1
406,17,0
406,18,1
406,19,2
406,20,1
406,21,0
406,22,1
406,23,2
406,24,1
406,25,0
406,26,1
406,27,2
406,28,1
406,29,0
406,30,1
406,31,2
406,32,1
406,33,0
406,34,1
406,35,2
406,36,1
406,37,0
406,38,1
406,39,2
406,40,1
406,41,2
406,42,1
406,43,1
406,44,1
406,45,0
406,46,0
406,47,1
406,48,2
406,49,0
406,50,0
407,1,1
407,2,0
407,3,2
407,4,1
407,5,0
407,6,1
407,7,2
407,8,1
407,9,0
407,10,1
407,11,2
407,12,0
407,13,2
407,14,1
407,15,0
407,16,2
407,17,0
407,18,1
407,19,2
407,20,1
407,21,0
407,22,1
407,23,2
407,24,1
407,25,0
407,26,1
407,27,2
407,28,0
407,29,1
407,30,2
407,31,1
407,32,0
407,33,1
407,34,2
407,35,1
407,36,0
407,37,1
407,38,2
407,39,1
407,40,0
407,41,1
407,42,2
407,43,0
407,44,1
407,45,2
407,46,0
407,47,1
407,48,0
407,49,1
407,50,2
408,1,1
408,2,0
408,3,1
408,4,2
408,5,2
408,6,1
408,7,0
408,8,1
408,9,2
408,10,1
408,11,0
408,12,1
408,13,1
408,14,1
408,15,1
408,16,2
408,17,1
408,18,1
408,19,1
408,20,0
408,21,2
408,22,0
408,23,2
408,24,0
408,25,2
408,26,0
408,27,1
408,28,2
408,29,1
408,30,0
408,31,2
408,32,1
408,33,0
408,34,1
408,35,2
408,36,2
408,37,2
408,38,2
408,39,1
408,40,2
408,41,1
408,42,2
408,43,2
408,44,0
408,45,1
408,46,0
408,47,2
408,48,1
408,49,0
408,50,1
409,1,1
409,2,0
409,3,2
409,4,1
409,5,2
409,6,2
409,7,1
409,8,0
409,9,1
409,10,2
409,11,1
409,12,0
409,13,2
409,14,2
409,15,2
409,16,1
409,17,0
409,18,0
409,19,1
409,20,2
409,21,2
409,22,1
409,23,0
409,24,0
409,25,2
409,26,1
409,27,0
409,28,1
409,29,2
409,30,0
409,31,1
409,32,2
409,33,1
409,34,0
409,35,2
409,36,1
409,37,0
409,38,1
409,39,2
409,40,1
409,41,0
409,42,2
409,43,1
409,44,0
409,45,2
409,46,1
409,47,0
409,48,1
409,49,2
409,50,1
410,1,1
410,2,0
410,3,1
410,4,2
410,5,1
410,6,0
410,7,2
410,8,1
410,9,0
410,10,2
410,11,2
410,12,1
410,13,2
410,14,2
410,15,1
410,16,0
410,17,2
410,18,2
410,19,1
410,20,1
410,21,1
410,22,0
410,23,2
410,24,1
410,25,0
410,26,2
410,27,1
410,28,2
410,29,0
410,30,0
410,31,1
410,32,2
410,33,0
410,34,1
410,35,0
410,36,2
410,37,1
410,38,0
410,39,2
410,40,1
410,41,2
410,42,0
410,43,2
410,44,1
410,45,2
410,46,0
410,47,0
410,48,1
410,49,0
410,50,2
411,1,2
411,2,2
411,3,1
411,4,2
411,5,1
411,6,0
411,7,1
411,8,0
411,9,0
411,10,2
411,11,1
411,12,2
411,13,2
411,14,2
411,15,0
411,16,1
411,17,1
411,18,1
411,19,2
411,20,2
411,21,0
411,22,0
411,23,1
411,24,2
411,25,0
411,26,2
411,27,2
411,28,2
411,29,1
411,30,2
411,31,0
411,32,2
411,33,1
411,34,2
411,35,0
411,36,2
411,37,2
411,38,1
411,39,0
411,40,2
411,41,1
411,42,0
411,43,0
411,44,0
411,45,1
411,46,1
411,47,0
411,48,2
411,49,0
411,50,1
412,1,0
412,2,1
412,3,0
412,4,2
412,5,1
412,6,0
412,7,0
412,8,2
412,9,1
412,10,0
412,11,2
412,12,2
412,13,2
412,14,1
412,15,0
412,16,1
412,17,1
412,18,1
412,19,2
412,20,0
412,21,1
412,22,2
412,23,1
412,24,0
412,25,2
412,26,2
412,27,2
412,28,1
412,29,2
412,30,2
412,31,2
412,32,0
412,33,1
412,34,0
412,35,2
412,36,1
412,37,1
412,38,2
412,39,1
412,40,0
412,41,2
412,42,2
412,43,1
412,44,2
412,45,2
412,46,0
412,47,1
412,48,1
412,49,1
412,50,2
413,1,0
413,2,2
413,3,0
413,4,0
413,5,1
413,6,2
413,7,2
413,8,2
413,9,1
413,10,2
413,11,1
413,12,0
413,13,1
413,14,1
413,15,2
413,16,1
413,17,1
413,18,2
413,19,2
413,20,0
413,21,0
413,22,0
413,23,0
413,24,0
413,25,1
413,26,1
413,27,1
413,28,1
413,29,1
413,30,2
413,31,2
413,32,1
413,33,1
413,34,0
413,35,0
413,36,0
413,37,0
413,38,0
413,39,1
413,40,1
413,41,2
413,42,2
413,43,2
413,44,1
413,45,0
413,46,0
413,47,0
413,48,0
413,49,2
413,50,1
414,1,0
414,2,0
414,3,0
414,4,1
414,5,0
414,6,0
414,7,2
414,8,2
414,9,1
414,10,1
414,11,1
414,12,0
414,13,0
414,14,2
414,15,1
414,16,2
414,17,2
414,18,0
414,19,1
414,20,2
414,21,1
414,22,2
414,23,2
414,24,1
414,25,2
414,26,1
414,27,0
414,28,1
414,29,1
414,30,0
414,31,1
414,32,0
414,33,1
414,34,2
414,35,1
414,36,2
414,37,2
414,38,2
414,39,2
414,40,2
414,41,2
414,42,2
414,43,1
414,44,0
414,45,0
414,46,0
414,47,0
414,48,0
414,49,0
414,50,0
415,1,1
415,2,2
415,3,2
415,4,0
415,5,0
415,6,1
415,7,2
415,8,0
415,9,0
415,10,1
415,11,1
415,12,2
415,13,2
415,14,2
415,15,1
415,16,1
415,17,0
415,18,0
415,19,0
415,20,1
415,21,2
415,22,1
415,23,0
415,24,1
415,25,2
415,26,1
415,27,0
415,28,1
415,29,1
415,30,1
415,31,1
415,32,1
415,33,0
415,34,0
415,35,0
415,36,0
415,37,0
415,38,1
415,39,1
415,40,2
415,41,2
415,42,1
415,43,1
415,44,0
415,45,0
415,46,2
415,47,1
415,48,0
415,49,0
415,50,0
416,1,0
416,2,1
416,3,2
416,4,2
416,5,0
416,6,0
416,7,0
416,8,0
416,9,1
416,10,1
416,11,2
416,12,2
416,13,2
416,14,2
416,15,2
416,16,1
416,17,1
416,18,1
416,19,0
416,20,0
416,21,1
416,22,2
416,23,2
416,24,1
416,25,0
416,26,1
416,27,2
416,28,1
416,29,0
416,30,0
416,31,1
416,32,2
416,33,2
416,34,1
416,35,1
416,36,0
416,37,0
416,38,0
416,39,1
416,40,2
416,41,2
416,42,2
416,43,0
416,44,1
416,45,2
416,46,0
416,47,0
416,48,1
416,49,2
416,50,1
417,1,0
417,2,2
417,3,1
417,4,0
417,5,2
417,6,1
417,7,2
417,8,0
417,9,0
417,10,1
417,11,0
417,12,2
417,13,1
417,14,1
417,15,0
417,16,2
417,17,2
417,18,1
417,19,0
417,20,0
417,21,1
417,22,1
417,23,0
417,24,2
417,25,1
417,26,0
417,27,1
417,28,1
417,29,2
417,30,0
417,31,0
417,32,2
417,33,0
417,34,1
417,35,1
417,36,0
417,37,0
417,38,1
417,39,0
417,40,1
417,41,0
417,42,1
417,43,1
417,44,0
417,45,0
417,46,0
417,47,2
417,48,1
417,49,2
417,50,1
418,1,0
418,2,1
418,3,2
418,4,1
418,5,2
418,6,0
418,7,2
418,8,1
418,9,2
418,10,0
418,11,0
418,12,1
418,13,2
418,14,0
418,15,1
418,16,2
418,17,0
418,18,1
418,19,0
418,20,1
418,21,1
418,22,2
418,23,0
418,24,2
418,25,2
418,26,0
418,27,1
418,28,2
418,29,1
418,30,0
418,31,1
418,32,2
418,33,0
418,34,1
418,35,2
418,36,0
418,37,1
418,38,2
418,39,2
418,40,1
418,41,0
418,42,1
418,43,2
418,44,2
418,45,1
418,46,0
418,47,0
418,48,2
418,49,2
418,50,1
419,1,1
419,2,1
419,3,1
419,4,0
419,5,2
419,6,2
419,7,1
419,8,2
419,9,0
419,10,2
419,11,2
419,12,2
419,13,1
419,14,2
419,15,2
419,16,0
419,17,2
419,18,0
419,19,1
419,20,1
419,21,2
419,22,1
419,23,2
419,24,0
419,25,0
419,26,1
419,27,2
419,28,1
419,29,1
419,30,1
419,31,1
419,32,0
419,33,0
419,34,0
419,35,1
419,36,1
419,37,1
419,38,0
419,39,1
419,40,1
419,41,1
419,42,1
419,43,1
419,44,2
419,45,2
419,46,1
419,47,2
419,48,0
419,49,0
419,50,0
420,1,1
420,2,2
420,3,0
420,4,0
420,5,2
420,6,1
420,7,1
420,8,0
420,9,2
420,10,2
420,11,2
420,12,1
420,13,0
420,14,0
420,15,2
420,16,1
420,17,0
420,18,1
420,19,1
420,20,2
420,21,0
420,22,0
420,23,1
420,24,2
420,25,2
420,26,2
420,27,1
420,28,1
420,29,0
420,30,2
420,31,1
420,32,0
420,33,1
420,34,2
420,35,1
420,36,0
420,37,1
420,38,1
420,39,0
420,40,1
420,41,0
420,42,1
420,43,2
420,44,0
420,45,1
420,46,0
420,47,1
420,48,2
420,49,1
420,50,1
421,1,1
421,2,0
421,3,2
421,4,2
421,5,1
421,6,0
421,7,1
421,8,0
421,9,2
421,10,1
421,11,0
421,12,1
421,13,0
421,14,2
421,15,0
421,16,1
421,17,2
421,18,1
421,19,1
421,20,0
421,21,2
421,22,2
421,23,0
421,24,1
421,25,2
421,26,1
421,27,0
421,28,0
421,29,1
421,30,2
421,31,1
421,32,0
421,33,1
421,34,0
421,35,0
421,36,1
421,37,2
421,38,1
421,39,1
421,40,2
421,41,0
421,42,2
421,43,1
421,44,0
421,45,2
421,46,1
421,47,0
421,48,1
421,49,0
421,50,1
422,1,2
422,2,0
422,3,0
422,4,2
422,5,1
422,6,2
422,7,1
422,8,2
422,9,2
422,10,0
422,11,1
422,12,2
422,13,0
422,14,1
422,15,1
422,16,1
422,17,0
422,18,2
422,19,1
422,20,2
422,21,2
422,22,2
422,23,2
422,24,2
422,25,1
422,26,1
422,27,1
422,28,2
422,29,0
422,30,0
422,31,2
422,32,0
422,33,1
422,34,2
422,35,0
422,36,0
422,37,1
422,38,2
422,39,0
422,40,0
422,41,2
422,42,1
422,43,2
422,44,2
422,45,0
422,46,2
422,47,1
422,48,1
422,49,1
422,50,2
423,1,2
423,2,1
423,3,2
423,4,0
423,5,0
423,6,0
423,7,0
423,8,1
423,9,1
423,10,2
423,11,2
423,12,2
423,13,2
423,14,1
423,15,1
423,16,1
423,17,1
423,18,1
423,19,1
423,20,1
423,21,1
423,22,1
423,23,0
423,24,0
423,25,0
423,26,1
423,27,1
423,28,2
423,29,2
423,30,2
423,31,0
423,32,0
423,33,1
423,34,2
423,35,0
423,36,1
423,37,2
423,38,0
423,39,1
423,40,2
423,41,0
423,42,1
423,43,0
423,44,1
423,45,0
423,46,2
423,47,2
423,48,0
423,49,2
423,50,2
424,1,1
424,2,0
424,3,2
424,4,1
424,5,2
424,6,2
424,7,0
424,8,1
424,9,2
424,10,2
424,11,0
424,12,0
424,13,0
424,14,2
424,15,1
424,16,0
424,17,0
424,18,1
424,19,2
424,20,2
424,21,1
424,22,0
424,23,1
424,24,0
424,25,2
424,26,2
424,27,0
424,28,0
424,29,1
424,30,1
424,31,2
424,32,1
424,33,2
424,34,0
424,35,1
424,36,2
424,37,1
424,38,2
424,39,0
424,40,2
424,41,1
424,42,0
424,43,2
424,44,1
424,45,0
424,46,1
424,47,0
424,48,2
424,49,2
424,50,1
425,1,1
425,2,0
425,3,2
425,4,1
425,5,1
425,6,1
425,7,0
425,8,1
425,9,0
425,10,1
425,11,2
425,12,1
425,13,2
425,14,0
425,15,1
425,16,0
425,17,0
425,18,0
425,19,2
425,20,1
425,21,0
425,22,1
425,23,1
425,24,0
425,25,2
425,26,1
425,27,1
425,28,0
425,29,1
425,30,2
425,31,2
425,32,0
425,33,1
425,34,0
425,35,1
425,36,0
425,37,1
425,38,0
425,39,1
425,40,0
425,41,1
425,42,0
425,43,2
425,44,1
425,45,2
425,46,0
425,47,2
425,48,1
425,49,0
425,50,2
426,1,1
426,2,1
426,3,0
426,4,1
426,5,2
426,6,0
426,7,1
426,8,0
426,9,2
426,10,1
426,11,0
426,12,0
426,13,2
426,14,1
426,15,1
426,16,2
426,17,0
426,18,1
426,19,2
426,20,0
426,21,1
426,22,0
426,23,2
426,24,2
426,25,0
426,26,1
426,27,2
426,28,2
426,29,0
426,30,1
426,31,0
426,32,1
426,33,2
426,34,1
426,35,0
426,36,1
426,37,1
426,38,2
426,39,1
426,40,2
426,41,1
426,42,0
426,43,1
426,44,2
426,45,2
426,46,2
426,47,2
426,48,2
426,49,2
426,50,2
427,1,0
427,2,2
427,3,1
427,4,0
427,5,0
427,6,1
427,7,0
427,8,2
427,9,1
427,10,1
427,11,2
427,12,0
427,13,0
427,14,1
427,15,0
427,16,2
427,17,1
427,18,2
427,19,0
427,20,0
427,21,1
427,22,0
427,23,2
427,24,1
427,25,2
427,26,0
427,27,2
427,28,1
427,29,1
427,30,1
427,31,2
427,32,0
427,33,1
427,34,1
427,35,2
427,36,2
427,37,1
427,38,2
427,39,0
427,40,2
427,41,2
427,42,1
427,43,2
427,44,2
427,45,2
427,46,1
427,47,1
427,48,2
427,49,1
427,50,2
428,1,0
428,2,1
428,3,2
428,4,2
428,5,0
428,6,1
428,7,0
428,8,1
428,9,0
428,10,2
428,11,0
428,12,0
428,13,0
428,14,0
428,15,1
428,16,1
428,17,2
428,18,2
428,19,2
428,20,2
428,21,2
428,22,1
428,23,0
428,24,1
428,25,2
428,26,2
428,27,2
428,28,1
428,29,1
428,30,0
428,31,0
428,32,0
428,33,1
428,34,2
428,35,1
428,36,0
428,37,0
428,38,0
428,39,0
428,40,1
428,41,0
428,42,0
428,43,0
428,44,0
428,45,2
428,46,1
428,47,0
428,48,0
428,49,0
428,50,1
429,1,0
429,2,0
429,3,0
429,4,0
429,5,0
429,6,0
429,7,0
429,8,2
429,9,2
429,10,2
429,11,2
429,12,2
429,13,2
429,14,2
429,15,2
429,16,2
429,17,2
429,18,2
429,19,2
429,20,2
429,21,2
429,22,2
429,23,2
429,24,2
429,25,2
429,26,2
429,27,2
429,28,1
429,29,1
429,30,1
429,31,1
429,32,1
429,33,1
429,34,0
429,35,0
429,36,0
429,37,2
429,38,2
429,39,2
429,40,2
429,41,2
429,42,2
429,43,2
429,44,2
429,45,2
429,46,2
429,47,1
429,48,1
429,49,1
429,50,0
430,1,0
430,2,0
430,3,0
430,4,0
430,5,2
430,6,2
430,7,2
430,8,2
430,9,2
430,10,2
430,11,1
430,12,1
430,13,1
430,14,1
430,15,1
430,16,1
430,17,1
430,18,1
430,19,2
430,20,2
430,21,2
430,22,2
430,23,2
430,24,2
430,25,2
430,26,2
430,27,0
430,28,0
430,29,0
430,30,0
430,31,0
430,32,0
430,33,1
430,34,1
430,35,1
430,36,1
430,37,2
430,38,2
430,39,1
430,40,1
430,41,1
430,42,1
430,43,1
430,44,1
430,45,1
430,46,0
430,47,0
430,48,0
430,49,2
430,50,2
431,1,0
431,2,0
431,3,1
431,4,0
431,5,1
431,6,0
431,7,1
431,8,2
431,9,0
431,10,0
431,11,0
431,12,1
431,13,1
431,14,2
431,15,2
431,16,0
431,17,1
431,18,1
431,19,0
431,20,1
431,21,1
431,22,1
431,23,1
431,24,0
431,25,0
431,26,2
431,27,0
431,28,2
431,29,2
431,30,2
431,31,2
431,32,2
431,33,2
431,34,0
431,35,0
431,36,2
431,37,2
431,38,2
431,39,0
431,40,0
431,41,1
431,42,0
431,43,2
431,44,2
431,45,2
431,46,2
431,47,1
431,48,0
431,49,1
431,50,1
432,1,1
432,2,1
432,3,0
432,4,0
432,5,0
432,6,1
432,7,2
432,8,2
432,9,1
432,10,0
432,11,0
432,12,1
432,13,2
432,14,2
432,15,2
432,16,2
432,17,1
432,18,1
432,19,0
432,20,0
432,21,1
432,22,1
432,23,1
432,24,0
432,25,0
432,26,0
432,27,2
432,28,0
432,29,1
432,30,1
432,31,1
432,32,1
432,33,0
432,34,0
432,35,0
432,36,2
432,37,1
432,38,0
432,39,1
432,40,2
432,41,2
432,42,2
432,43,2
432,44,2
432,45,2
432,46,2
432,47,2
432,48,1
432,49,2
432,50,0
433,1,2
433,2,0
433,3,0
433,4,1
433,5,0
433,6,2
433,7,2
433,8,1
433,9,2
433,10,1
433,11,0
433,12,2
433,13,1
433,14,1
433,15,0
433,16,2
433,17,2
433,18,1
433,19,0
433,20,2
433,21,2
433,22,1
433,23,2
433,24,0
433,25,2
433,26,2
433,27,1
433,28,0
433,29,2
433,30,1
433,31,0
433,32,1
433,33,2
433,34,2
433,35,1
433,36,1
433,37,2
433,38,0
433,39,0
433,40,1
433,41,2
433,42,0
433,43,0
433,44,1
433,45,0
433,46,2
433,47,1
433,48,2
433,49,0
433,50,2
434,1,0
434,2,1
434,3,2
434,4,1
434,5,0
434,6,0
434,7,1
434,8,2
434,9,2
434,10,0
434,11,0
434,12,2
434,13,0
434,14,1
434,15,0
434,16,2
434,17,0
434,18,1
434,19,2
434,20,0
434,21,1
434,22,2
434,23,0
434,24,1
434,25,2
434,26,2
434,27,0
434,28,2
434,29,1
434,30,1
434,31,0
434,32,2
434,33,1
434,34,2
434,35,0
434,36,0
434,37,1
434,38,0
434,39,1
434,40,2
434,41,0
434,42,1
434,43,1
434,44,0
434,45,2
434,46,1
434,47,0
434,48,0
434,49,1
434,50,1
435,1,1
435,2,2
435,3,0
435,4,1
435,5,1
435,6,2
435,7,2
435,8,1
435,9,0
435,10,0
435,11,1
435,12,1
435,13,2
435,14,2
435,15,0
435,16,0
435,17,1
435,18,2
435,19,2
435,20,1
435,21,2
435,22,1
435,23,2
435,24,0
435,25,1
435,26,0
435,27,2
435,28,0
435,29,1
435,30,2
435,31,1
435,32,2
435,33,0
435,34,1
435,35,0
435,36,1
435,37,2
435,38,1
435,39,0
435,40,1
435,41,2
435,42,2
435,43,1
435,44,2
435,45,0
435,46,1
435,47,2
435,48,1
435,49,0
435,50,2
436,1,0
436,2,1
436,3,0
436,4,2
436,5,2
436,6,1
436,7,2
436,8,1
436,9,0
436,10,0
436,11,1
436,12,0
436,13,1
436,14,0
436,15,2
436,16,2
436,17,0
436,18,0
436,19,0
436,20,1
436,21,0
436,22,2
436,23,0
436,24,0
436,25,1
436,26,1
436,27,2
436,28,1
436,29,2
436,30,2
436,31,2
436,32,0
436,33,1
436,34,1
436,35,2
436,36,2
436,37,1
436,38,2
436,39,0
436,40,1
436,41,2
436,42,2
436,43,1
436,44,2
436,45,2
436,46,2
436,47,0
436,48,1
436,49,0
436,50,2
437,1,0
437,2,0
437,3,1
437,4,2
437,5,1
437,6,0
437,7,2
437,8,2
437,9,2
437,10,1
437,11,1
437,12,1
437,13,2
437,14,0
437,15,0
437,16,2
437,17,0
437,18,1
437,19,2
437,20,0
437,21,1
437,22,2
437,23,0
437,24,1
437,25,0
437,26,0
437,27,1
437,28,2
437,29,2
437,30,2
437,31,2
437,32,2
437,33,1
437,34,0
437,35,2
437,36,2
437,37,0
437,38,0
437,39,0
437,40,2
437,41,1
437,42,2
437,43,2
437,44,2
437,45,0
437,46,0
437,47,1
437,48,2
437,49,0
437,50,1
438,1,1
438,2,2
438,3,2
438,4,0
438,5,1
438,6,0
438,7,1
438,8,1
438,9,2
438,10,0
438,11,2
438,12,1
438,13,0
438,14,1
438,15,0
438,16,2
438,17,2
438,18,1
438,19,2
438,20,0
438,21,1
438,22,2
438,23,0
438,24,1
438,25,2
438,26,1
438,27,2
438,28,0
438,29,2
438,30,2
438,31,1
438,32,0
438,33,1
438,34,0
438,35,2
438,36,1
438,37,0
438,38,2
438,39,2
438,40,0
438,41,2
438,42,1
438,43,2
438,44,1
438,45,2
438,46,0
438,47,2
438,48,1
438,49,2
438,50,0
439,1,2
439,2,2
439,3,2
439,4,2
439,5,0
439,6,1
439,7,2
439,8,2
439,9,2
439,10,0
439,11,1
439,12,0
439,13,1
439,14,1
439,15,0
439,16,1
439,17,2
439,18,0
439,19,0
439,20,2
439,21,1
439,22,2
439,23,0
439,24,1
439,25,1
439,26,2
439,27,0
439,28,2
439,29,1
439,30,1
439,31,2
439,32,0
439,33,2
439,34,1
439,35,1
439,36,2
439,37,0
439,38,0
439,39,1
439,40,1
439,41,0
439,42,2
439,43,2
439,44,1
439,45,1
439,46,2
439,47,0
439,48,2
439,49,0
439,50,0
440,1,2
440,2,1
440,3,2
440,4,0
440,5,1
440,6,1
440,7,2
440,8,2
440,9,1
440,10,0
440,11,2
440,12,2
440,13,0
440,14,2
440,15,2
440,16,0
440,17,1
440,18,1
440,19,0
440,20,2
440,21,0
440,22,1
440,23,0
440,24,2
440,25,0
440,26,0
440,27,1
440,28,0
440,29,2
440,30,0
440,31,2
440,32,2
440,33,1
440,34,2
440,35,2
440,36,2
440,37,1
440,38,0
440,39,1
440,40,2
440,41,0
440,42,1
440,43,0
440,44,0
440,45,2
440,46,1
440,47,0
440,48,2
440,49,0
440,50,0
441,1,1
441,2,2
441,3,1
441,4,0
441,5,1
441,6,0
441,7,2
441,8,1
441,9,2
441,10,1
441,11,2
441,12,1
441,13,2
441,14,1
441,15,0
441,16,2
441,17,1
441,18,0
441,19,1
441,20,2
441,21,1
441,22,2
441,23,0
441,24,1
441,25,2
441,26,1
441,27,2
441,28,2
441,29,0
441,30,1
441,31,0
441,32,1
441,33,2
441,34,1
441,35,0
441,36,1
441,37,2
441,38,2
441,39,1
441,40,0
441,41,1
441,42,2
441,43,1
441,44,0
441,45,1
441,46,2
441,47,1
441,48,0
441,49,1
441,50,1
442,1,2
442,2,2
442,3,2
442,4,0
442,5,0
442,6,1
442,7,0
442,8,1
442,9,1
442,10,0
442,11,2
442,12,2
442,13,1
442,14,1
442,15,2
442,16,0
442,17,1
442,18,0
442,19,1
442,20,2
442,21,0
442,22,1
442,23,2
442,24,1
442,25,2
442,26,2
442,27,0
442,28,1
442,29,2
442,30,1
442,31,1
442,32,2
442,33,0
442,34,1
442,35,2
442,36,2
442,37,1
442,38,1
442,39,0
442,40,2
442,41,2
442,42,2
442,43,1
442,44,2
442,45,0
442,46,1
442,47,2
442,48,2
442,49,0
442,50,1
443,1,2
443,2,1
443,3,2
443,4,0
443,5,2
443,6,1
443,7,0
443,8,1
443,9,0
443,10,2
443,11,1
443,12,2
443,13,0
443,14,1
443,15,0
443,16,2
443,17,2
443,18,0
443,19,2
443,20,1
443,21,2
443,22,2
443,23,1
443,24,2
443,25,0
443,26,0
443,27,1
443,28,0
443,29,2
443,30,1
443,31,0
443,32,1
443,33,1
443,34,2
443,35,2
443,36,0
443,37,1
443,38,0
443,39,2
443,40,2
443,41,0
443,42,1
443,43,2
443,44,2
443,45,0
443,46,1
443,47,0
443,48,2
443,49,1
443,50,0
444,1,2
444,2,1
444,3,2
444,4,1
444,5,2
444,6,2
444,7,0
444,8,0
444,9,0
444,10,0
444,11,2
444,12,2
444,13,2
444,14,0
444,15,2
444,16,0
444,17,2
444,18,2
444,19,0
444,20,0
444,21,1
444,22,2
444,23,2
444,24,0
444,25,0
444,26,1
444,27,1
444,28,2
444,29,0
444,30,0
444,31,1
444,32,2
444,33,2
444,34,0
444,35,0
444,36,2
444,37,2
444,38,0
444,39,1
444,40,2
444,41,2
444,42,0
444,43,0
444,44,1
444,45,1
444,46,2
444,47,0
444,48,1
444,49,1
444,50,0
445,1,0
445,2,2
445,3,1
445,4,0
445,5,2
445,6,1
445,7,2
445,8,0
445,9,1
445,10,2
445,11,0
445,12,0
445,13,0
445,14,2
445,15,0
445,16,2
445,17,1
445,18,0
445,19,2
445,20,0
445,21,1
445,22,0
445,23,1
445,24,0
445,25,0
445,26,2
445,27,1
445,28,1
445,29,1
445,30,2
445,31,1
445,32,0
445,33,2
445,34,1
445,35,2
445,36,0
445,37,2
445,38,1
445,39,1
445,40,0
445,41,2
445,42,0
445,43,1
445,44,1
445,45,1
445,46,1
445,47,2
445,48,0
445,49,1
445,50,1
446,1,2
446,2,0
446,3,2
446,4,1
446,5,2
446,6,0
446,7,2
446,8,1
446,9,1
446,10,1
446,11,0
446,12,2
446,13,0
446,14,1
446,15,1
446,16,0
446,17,2
446,18,1
446,19,2
446,20,1
446,21,0
446,22,2
446,23,2
446,24,2
446,25,1
446,26,0
446,27,0
446,28,2
446,29,2
446,30,1
446,31,0
446,32,1
446,33,0
446,34,1
446,35,2
446,36,2
446,37,1
446,38,1
446,39,1
446,40,0
446,41,0
446,42,1
446,43,2
446,44,1
446,45,0
446,46,0
446,47,2
446,48,1
446,49,1
446,50,0
447,1,1
447,2,2
447,3,0
447,4,1
447,5,0
447,6,1
447,7,2
447,8,1
447,9,1
447,10,2
447,11,0
447,12,1
447,13,1
447,14,2
447,15,2
447,16,0
447,17,2
447,18,0
447,19,1
447,20,1
447,21,2
447,22,1
447,23,1
447,24,0
447,25,1
447,26,1
447,27,0
447,28,2
447,29,2
447,30,2
447,31,2
447,32,1
447,33,2
447,34,0
447,35,1
447,36,0
447,37,2
447,38,0
447,39,1
447,40,1
447,41,0
447,42,1
447,43,1
447,44,1
447,45,2
447,46,1
447,47,0
447,48,0
447,49,1
447,50,2
448,1,2
448,2,1
448,3,0
448,4,2
448,5,0
448,6,1
448,7,0
448,8,1
448,9,1
448,10,2
448,11,2
448,12,0
448,13,1
448,14,2
448,15,0
448,16,1
448,17,0
448,18,2
448,19,2
448,20,0
448,21,0
448,22,1
448,23,1
448,24,2
448,25,2
448,26,2
448,27,0
448,28,0
448,29,1
448,30,2
448,31,0
448,32,1
448,33,0
448,34,2
448,35,0
448,36,1
448,37,2
448,38,0
448,39,1
448,40,0
448,41,2
448,42,0
448,43,1
448,44,0
448,45,2
448,46,0
448,47,0
448,48,1
448,49,2
448,50,1
449,1,0
449,2,1
449,3,0
449,4,2
449,5,2
449,6,0
449,7,1
449,8,0
449,9,2
449,10,1
449,11,1
449,12,0
449,13,1
449,14,2
449,15,1
449,16,0
449,17,1
449,18,2
449,19,2
449,20,0
449,21,1
449,22,0
449,23,1
449,24,0
449,25,2
449,26,1
449,27,0
449,28,1
449,29,1
449,30,1
449,31,0
449,32,2
449,33,2
449,34,1
449,35,0
449,36,1
449,37,0
449,38,0
449,39,2
449,40,0
449,41,1
449,42,2
449,43,0
449,44,1
449,45,1
449,46,0
449,47,0
449,48,2
449,49,0
449,50,1
450,1,2
450,2,1
450,3,2
450,4,0
450,5,2
450,6,1
450,7,2
450,8,2
450,9,0
450,10,1
450,11,2
450,12,2
450,13,2
450,14,2
450,15,0
450,16,2
450,17,0
450,18,0
450,19,0
450,20,1
450,21,0
450,22,2
450,23,2
450,24,2
450,25,1
450,26,2
450,27,2
450,28,0
450,29,2
450,30,1
450,31,0
450,32,2
450,33,1
450,34,0
450,35,2
450,36,0
450,37,1
450,38,2
450,39,0
450,40,2
450,41,1
450,42,2
450,43,1
450,44,2
450,45,1
450,46,0
450,47,2
450,48,1
450,49,0
450,50,1
451,1,1
451,2,1
451,3,0
451,4,2
451,5,1
451,6,0
451,7,0
451,8,2
451,9,0
451,10,1
451,11,0
451,12,1
451,13,0
451,14,2
451,15,1
451,16,0
451,17,1
451,18,2
451,19,2
451,20,2
451,21,1
451,22,2
451,23,0
451,24,1
451,25,0
451,26,0
451,27,1
451,28,2
451,29,2
451,30,1
451,31,0
451,32,0
451,33,1
451,34,2
451,35,2
451,36,1
451,37,0
451,38,2
451,39,2
451,40,2
451,41,0
451,42,1
451,43,2
451,44,0
451,45,1
451,46,1
451,47,2
451,48,0
451,49,1
451,50,2
452,1,1
452,2,1
452,3,1
452,4,2
452,5,0
452,6,0
452,7,2
452,8,1
452,9,2
452,10,0
452,11,1
452,12,2
452,13,1
452,14,1
452,15,2
452,16,0
452,17,1
452,18,1
452,19,1
452,20,1
452,21,2
452,22,1
452,23,0
452,24,0
452,25,0
452,26,2
452,27,1
452,28,2
452,29,0
452,30,0
452,31,1
452,32,2
452,33,0
452,34,1
452,35,1
452,36,0
452,37,2
452,38,1
452,39,0
452,40,0
452,41,0
452,42,2
452,43,1
452,44,2
452,45,0
452,46,1
452,47,0
452,48,2
452,49,1
452,50,0
453,1,0
453,2,0
453,3,1
453,4,0
453,5,2
453,6,0
453,7,1
453,8,2
453,9,0
453,10,0
453,11,2
453,12,2
453,13,1
453,14,0
453,15,2
453,16,0
453,17,2
453,18,1
453,19,0
453,20,2
453,21,0
453,22,1
453,23,0
453,24,2
453,25,0
453,26,1
453,27,1
453,28,0
453,29,0
453,30,0
453,31,2
453,32,0
453,33,1
453,34,0
453,35,1
453,36,0
453,37,1
453,38,2
453,39,1
453,40,1
453,41,0
453,42,1
453,43,1
453,44,1
453,45,1
453,46,2
453,47,1
453,48,0
453,49,1
453,50,2
454,1,0
454,2,1
454,3,1
454,4,1
454,5,1
454,6,2
454,7,1
454,8,2
454,9,0
454,10,0
454,11,1
454,12,1
454,13,0
454,14,2
454,15,2
454,16,0
454,17,1
454,18,1
454,19,0
454,20,2
454,21,2
454,22,1
454,23,2
454,24,2
454,25,0
454,26,0
454,27,1
454,28,0
454,29,2
454,30,1
454,31,1
454,32,1
454,33,2
454,34,2
454,35,1
454,36,1
454,37,1
454,38,0
454,39,2
454,40,0
454,41,2
454,42,1
454,43,0
454,44,1
454,45,1
454,46,0
454,47,2
454,48,1
454,49,1
454,50,0
455,1,2
455,2,2
455,3,1
455,4,0
455,5,0
455,6,2
455,7,1
455,8,0
455,9,1
455,10,1
455,11,1
455,12,2
455,13,2
455,14,0
455,15,0
455,16,0
455,17,0
455,18,1
455,19,0
455,20,2
455,21,1
455,22,0
455,23,1
455,24,2
455,25,2
455,26,2
455,27,1
455,28,1
455,29,0
455,30,2
455,31,0
455,32,0
455,33,1
455,34,1
455,35,2
455,36,0
455,37,2
455,38,1
455,39,0
455,40,0
455,41,1
455,42,1
455,43,2
455,44,1
455,45,2
455,46,2
455,47,0
455,48,0
455,49,1
455,50,0
456,1,2
456,2,1
456,3,2
456,4,0
456,5,1
456,6,2
456,7,2
456,8,0
456,9,0
456,10,1
456,11,1
456,12,0
456,13,1
456,14,0
456,15,2
456,16,1
456,17,0
456,18,2
456,19,2
456,20,2
456,21,2
456,22,0
456,23,0
456,24,0
456,25,1
456,26,2
456,27,2
456,28,2
456,29,0
456,30,0
456,31,0
456,32,0
456,33,1
456,34,1
456,35,1
456,36,2
456,37,0
456,38,1
456,39,0
456,40,0
456,41,2
456,42,2
456,43,2
456,44,1
456,45,1
456,46,1
456,47,1
456,48,0
456,49,2
456,50,1
457,1,2
457,2,2
457,3,1
457,4,1
457,5,2
457,6,1
457,7,0
457,8,2
457,9,2
457,10,2
457,11,0
457,12,0
457,13,0
457,14,1
457,15,1
457,16,2
457,17,2
457,18,2
457,19,0
457,20,0
457,21,1
457,22,1
457,23,0
457,24,0
457,25,2
457,26,2
457,27,2
457,28,1
457,29,1
457,30,0
457,31,1
457,32,1
457,33,2
457,34,0
457,35,0
457,36,1
457,37,2
457,38,2
457,39,2
457,40,1
457,41,1
457,42,1
457,43,2
457,44,2
457,45,2
457,46,0
457,47,0
457,48,1
457,49,2
457,50,1
458,1,1
458,2,0
458,3,2
458,4,0
458,5,1
458,6,0
458,7,2
458,8,0
458,9,1
458,10,2
458,11,1
458,12,1
458,13,0
458,14,2
458,15,1
458,16,0
458,17,2
458,18,1
458,19,0
458,20,1
458,21,1
458,22,1
458,23,0
458,24,2
458,25,2
458,26,0
458,27,1
458,28,2
458,29,2
458,30,0
458,31,2
458,32,1
458,33,1
458,34,1
458,35,1
458,36,0
458,37,2
458,38,2
458,39,1
458,40,0
458,41,2
458,42,1
458,43,2
458,44,0
458,45,0
458,46,2
458,47,1
458,48,2
458,49,0
458,50,2
459,1,0
459,2,1
459,3,0
459,4,2
459,5,1
459,6,0
459,7,0
459,8,2
459,9,2
459,10,1
459,11,2
459,12,0
459,13,1
459,14,0
459,15,2
459,16,0
459,17,1
459,18,2
459,19,1
459,20,1
459,21,0
459,22,0
459,23,1
459,24,2
459,25,1
459,26,2
459,27,0
459,28,1
459,29,0
459,30,2
459,31,1
459,32,0
459,33,0
459,34,2
459,35,0
459,36,0
459,37,1
459,38,2
459,39,1
459,40,1
459,41,2
459,42,2
459,43,2
459,44,0
459,45,1
459,46,0
459,47,2
459,48,1
459,49,0
459,50,2
460,1,1
460,2,1
460,3,0
460,4,2
460,5,2
460,6,0
460,7,1
460,8,2
460,9,0
460,10,0
460,11,1
460,12,0
460,13,2
460,14,1
460,15,0
460,16,2
460,17,2
460,18,0
460,19,1
460,20,1
460,21,0
460,22,1
460,23,2
460,24,2
460,25,1
460,26,1
460,27,0
460,28,2
460,29,1
460,30,0
460,31,0
460,32,1
460,33,2
460,34,1
460,35,0
460,36,1
460,37,0
460,38,0
460,39,1
460,40,2
460,41,1
460,42,2
460,43,2
460,44,2
460,45,2
460,46,1
460,47,0
460,48,2
460,49,1
460,50,0
461,1,2
461,2,0
461,3,0
461,4,1
461,5,0
461,6,2
461,7,2
461,8,0
461,9,1
461,10,0
461,11,2
461,12,2
461,13,2
461,14,2
461,15,0
461,16,2
461,17,1
461,18,0
461,19,0
461,20,0
461,21,1
461,22,0
461,23,2
461,24,1
461,25,2
461,26,0
461,27,1
461,28,2
461,29,0
461,30,2
461,31,1
461,32,0
461,33,2
461,34,0
461,35,1
461,36,2
461,37,2
461,38,1
461,39,2
461,40,0
461,41,2
461,42,1
461,43,0
461,44,2
461,45,1
461,46,0
461,47,1
461,48,2
461,49,1
461,50,1
462,1,0
462,2,2
462,3,1
462,4,0
462,5,2
462,6,1
462,7,0
462,8,2
462,9,1
462,10,2
462,11,1
462,12,2
462,13,0
462,14,2
462,15,2
462,16,1
462,17,2
462,18,0
462,19,2
462,20,1
462,21,2
462,22,1
462,23,2
462,24,1
462,25,2
462,26,1
462,27,2
462,28,1
462,29,2
462,30,1
462,31,0
462,32,2
462,33,1
462,34,2
462,35,0
462,36,2
462,37,0
462,38,1
462,39,2
462,40,1
462,41,0
462,42,1
462,43,2
462,44,0
462,45,2
462,46,0
462,47,1
462,48,0
462,49,2
462,50,1
463,1,0
463,2,2
463,3,1
463,4,0
463,5,1
463,6,2
463,7,0
463,8,1
463,9,2
463,10,1
463,11,1
463,12,2
463,13,0
463,14,1
463,15,0
463,16,2
463,17,1
463,18,1
463,19,0
463,20,2
463,21,0
463,22,1
463,23,1
463,24,0
463,25,2
463,26,1
463,27,2
463,28,0
463,29,1
463,30,2
463,31,0
463,32,2
463,33,1
463,34,0
463,35,2
463,36,0
463,37,1
463,38,2
463,39,0
463,40,1
463,41,2
463,42,0
463,43,1
463,44,0
463,45,2
463,46,1
463,47,0
463,48,2
463,49,0
463,50,1
464,1,0
464,2,2
464,3,0
464,4,0
464,5,0
464,6,0
464,7,1
464,8,2
464,9,0
464,10,1
464,11,2
464,12,0
464,13,1
464,14,1
464,15,2
464,16,1
464,17,0
464,18,2
464,19,1
464,20,0
464,21,2
464,22,1
464,23,0
464,24,2
464,25,1
464,26,0
464,27,1
464,28,0
464,29,1
464,30,2
464,31,0
464,32,1
464,33,1
464,34,0
464,35,0
464,36,2
464,37,2
464,38,0
464,39,1
464,40,0
464,41,2
464,42,0
464,43,1
464,44,2
464,45,1
464,46,0
464,47,2
464,48,2
464,49,0
464,50,1
465,1,1
465,2,1
465,3,1
465,4,1
465,5,2
465,6,1
465,7,0
465,8,2
465,9,0
465,10,1
465,11,2
465,12,0
465,13,1
465,14,1
465,15,1
465,16,1
465,17,1
465,18,1
465,19,1
465,20,0
465,21,2
465,22,1
465,23,1
465,24,2
465,25,0
465,26,2
465,27,2
465,28,1
465,29,1
465,30,2
465,31,0
465,32,1
465,33,2
465,34,1
465,35,0
465,36,0
465,37,0
465,38,2
465,39,2
465,40,1
465,41,0
465,42,2
465,43,1
465,44,0
465,45,0
465,46,0
465,47,2
465,48,1
465,49,1
465,50,2
466,1,2
466,2,0
466,3,0
466,4,2
466,5,0
466,6,0
466,7,0
466,8,1
466,9,1
466,10,0
466,11,2
466,12,2
466,13,1
466,14,2
466,15,0
466,16,0
466,17,1
466,18,1
466,19,1
466,20,0
466,21,2
466,22,1
466,23,0
466,24,2
466,25,1
466,26,1
466,27,0
466,28,0
466,29,1
466,30,0
466,31,0
466,32,2
466,33,2
466,34,0
466,35,2
466,36,1
466,37,1
466,38,0
466,39,2
466,40,1
466,41,1
466,42,2
466,43,1
466,44,1
466,45,2
466,46,0
466,47,1
466,48,0
466,49,2
466,50,1
467,1,2
467,2,1
467,3,0
467,4,2
467,5,1
467,6,1
467,7,1
467,8,1
467,9,0
467,10,0
467,11,0
467,12,1
467,13,2
467,14,1
467,15,0
467,16,1
467,17,2
467,18,2
467,19,0
467,20,1
467,21,2
467,22,0
467,23,1
467,24,1
467,25,1
467,26,1
467,27,1
467,28,1
467,29,0
467,30,0
467,31,2
467,32,2
467,33,0
467,34,0
467,35,1
467,36,0
467,37,0
467,38,2
467,39,0
467,40,1
467,41,2
467,42,2
467,43,1
467,44,0
467,45,0
467,46,0
467,47,2
467,48,0
467,49,1
467,50,0
468,1,2
468,2,2
468,3,0
468,4,2
468,5,1
468,6,0
468,7,0
468,8,2
468,9,0
468,10,1
468,11,2
468,12,1
468,13,0
468,14,2
468,15,2
468,16,1
468,17,1
468,18,2
468,19,0
468,20,1
468,21,2
468,22,0
468,23,0
468,24,1
468,25,1
468,26,2
468,27,0
468,28,2
468,29,1
468,30,0
468,31,2
468,32,1
468,33,0
468,34,1
468,35,0
468,36,2
468,37,1
468,38,1
468,39,2
468,40,0
468,41,1
468,42,2
468,43,2
468,44,0
468,45,0
468,46,1
468,47,1
468,48,2
468,49,1
468,50,0
469,1,0
469,2,1
469,3,2
469,4,1
469,5,2
469,6,0
469,7,2
469,8,1
469,9,0
469,10,2
469,11,1
469,12,2
469,13,0
469,14,1
469,15,2
469,16,0
469,17,2
469,18,0
469,19,1
469,20,2
469,21,1
469,22,0
469,23,2
469,24,1
469,25,2
469,26,0
469,27,1
469,28,2
469,29,2
469,30,1
469,31,0
469,32,2
469,33,1
469,34,0
469,35,1
469,36,2
469,37,2
469,38,0
469,39,1
469,40,2
469,41,0
469,42,1
469,43,2
469,44,2
469,45,2
469,46,2
469,47,2
469,48,2
469,49,2
469,50,1
470,1,0
470,2,2
470,3,0
470,4,2
470,5,2
470,6,1
470,7,0
470,8,2
470,9,2
470,10,0
470,11,2
470,12,0
470,13,1
470,14,1
470,15,2
470,16,0
470,17,1
470,18,1
470,19,1
470,20,0
470,21,0
470,22,0
470,23,0
470,24,0
470,25,1
470,26,1
470,27,1
470,28,2
470,29,0
470,30,0
470,31,2
470,32,2
470,33,1
470,34,1
470,35,2
470,36,1
470,37,1
470,38,2
470,39,0
470,40,0
470,41,1
470,42,0
470,43,0
470,44,1
470,45,1
470,46,2
470,47,2
470,48,0
470,49,0
470,50,0
471,1,0
471,2,0
471,3,2
471,4,2
471,5,0
471,6,1
471,7,2
471,8,1
471,9,0
471,10,1
471,11,2
471,12,2
471,13,1
471,14,1
471,15,2
471,16,1
471,17,1
471,18,0
471,19,1
471,20,2
471,21,0
471,22,1
471,23,1
471,24,0
471,25,1
471,26,2
471,27,1
471,28,0
471,29,2
471,30,1
471,31,0
471,32,1
471,33,0
471,34,2
471,35,0
471,36,1
471,37,2
471,38,1
471,39,0
471,40,1
471,41,1
471,42,1
471,43,0
471,44,1
471,45,2
471,46,1
471,47,1
471,48,2
471,49,0
471,50,0
472,1,0
472,2,1
472,3,0
472,4,2
472,5,0
472,6,2
472,7,1
472,8,0
472,9,2
472,10,1
472,11,0
472,12,1
472,13,1
472,14,2
472,15,2
472,16,0
472,17,1
472,18,0
472,19,2
472,20,0
472,21,1
472,22,2
472,23,0
472,24,1
472,25,0
472,26,2
472,27,1
472,28,0
472,29,0
472,30,2
472,31,1
472,32,2
472,33,2
472,34,0
472,35,1
472,36,2
472,37,0
472,38,1
472,39,2
472,40,2
472,41,2
472,42,1
472,43,0
472,44,1
472,45,2
472,46,1
472,47,0
472,48,1
472,49,2
472,50,0
473,1,0
473,2,1
473,3,2
473,4,0
473,5,1
473,6,2
473,7,2
473,8,0
473,9,1
473,10,2
473,11,0
473,12,0
473,13,1
473,14,0
473,15,0
473,16,1
473,17,1
473,18,2
473,19,2
473,20,2
473,21,1
473,22,0
473,23,2
473,24,0
473,25,1
473,26,1
473,27,1
473,28,1
473,29,0
473,30,0
473,31,2
473,32,2
473,33,1
473,34,2
473,35,1
473,36,1
473,37,1
473,38,2
473,39,0
473,40,0
473,41,2
473,42,2
473,43,1
473,44,1
473,45,0
473,46,1
473,47,0
473,48,2
473,49,1
473,50,2
474,1,0
474,2,1
474,3,2
474,4,1
474,5,2
474,6,2
474,7,0
474,8,0
474,9,0
474,10,1
474,11,0
474,12,2
474,13,2
474,14,0
474,15,2
474,16,1
474,17,0
474,18,1
474,19,2
474,20,2
474,21,0
474,22,2
474,23,2
474,24,2
474,25,0
474,26,1
474,27,0
474,28,0
474,29,2
474,30,0
474,31,0
474,32,2
474,33,1
474,34,1
474,35,2
474,36,0
474,37,0
474,38,1
474,39,0
474,40,0
474,41,2
474,42,0
474,43,2
474,44,1
474,45,1
474,46,2
474,47,2
474,48,0
474,49,0
474,50,1
475,1,0
475,2,1
475,3,2
475,4,0
475,5,1
475,6,0
475,7,2
475,8,0
475,9,2
475,10,1
475,11,2
475,12,0
475,13,2
475,14,0
475,15,1
475,16,1
475,17,0
475,18,2
475,19,0
475,20,2
475,21,2
475,22,0
475,23,1
475,24,1
475,25,1
475,26,2
475,27,0
475,28,2
475,29,1
475,30,2
475,31,0
475,32,0
475,33,2
475,34,0
475,35,1
475,36,0
475,37,0
475,38,2
475,39,1
475,40,0
475,41,0
475,42,2
475,43,1
475,44,2
475,45,1
475,46,2
475,47,0
475,48,1
475,49,0
475,50,1
476,1,1
476,2,1
476,3,0
476,4,1
476,5,0
476,6,0
476,7,2
476,8,2
476,9,1
476,10,0
476,11,2
476,12,2
476,13,1
476,14,1
476,15,0
476,16,0
476,17,1
476,18,2
476,19,2
476,20,0
476,21,2
476,22,1
476,23,1
476,24,2
476,25,0
476,26,0
476,27,1
476,28,0
476,29,1
476,30,1
476,31,1
476,32,0
476,33,0
476,34,2
476,35,1
476,36,1
476,37,1
476,38,2
476,39,2
476,40,2
476,41,0
476,42,0
476,43,1
476,44,1
476,45,0
476,46,2
476,47,2
476,48,1
476,49,1
476,50,2
477,1,0
477,2,2
477,3,1
477,4,0
477,5,0
477,6,0
477,7,1
477,8,1
477,9,1
477,10,1
477,11,2
477,12,2
477,13,2
477,14,0
477,15,1
477,16,2
477,17,2
477,18,0
477,19,0
477,20,1
477,21,1
477,22,2
477,23,2
477,24,1
477,25,0
477,26,0
477,27,2
477,28,0
477,29,2
477,30,1
477,31,1
477,32,2
477,33,2
477,34,2
477,35,2
477,36,0
477,37,0
477,38,0
477,39,1
477,40,1
477,41,0
477,42,0
477,43,1
477,44,1
477,45,1
477,46,2
477,47,2
477,48,0
477,49,1
477,50,0
478,1,2
478,2,0
478,3,2
478,4,1
478,5,0
478,6,0
478,7,0
478,8,1
478,9,0
478,10,2
478,11,1
478,12,0
478,13,0
478,14,1
478,15,0
478,16,2
478,17,2
478,18,1
478,19,1
478,20,2
478,21,0
478,22,0
478,23,2
478,24,1
478,25,0
478,26,1
478,27,2
478,28,1
478,29,2
478,30,0
478,31,0
478,32,1
478,33,0
478,34,2
478,35,2
478,36,1
478,37,2
478,38,1
478,39,0
478,40,0
478,41,0
478,42,1
478,43,2
478,44,2
478,45,1
478,46,1
478,47,0
478,48,1
478,49,0
478,50,2
479,1,0
479,2,1
479,3,0
479,4,2
479,5,1
479,6,0
479,7,2
479,8,1
479,9,0
479,10,1
479,11,2
479,12,1
479,13,0
479,14,2
479,15,1
479,16,1
479,17,1
479,18,0
479,19,0
479,20,2
479,21,2
479,22,1
479,23,1
479,24,1
479,25,0
479,26,0
479,27,2
479,28,1
479,29,2
479,30,2
479,31,0
479,32,1
479,33,1
479,34,0
479,35,2
479,36,1
479,37,0
479,38,1
479,39,2
479,40,1
479,41,1
479,42,1
479,43,2
479,44,2
479,45,0
479,46,1
479,47,2
479,48,2
479,49,1
479,50,0
480,1,1
480,2,1
480,3,1
480,4,2
480,5,2
480,6,0
480,7,0
480,8,2
480,9,1
480,10,1
480,11,2
480,12,1
480,13,0
480,14,0
480,15,1
480,16,2
480,17,2
480,18,1
480,19,1
480,20,2
480,21,2
480,22,0
480,23,1
480,24,2
480,25,1
480,26,0
480,27,0
480,28,1
480,29,1
480,30,2
480,31,2
480,32,1
480,33,2
480,34,0
480,35,1
480,36,1
480,37,2
480,38,2
480,39,1
480,40,0
480,41,0
480,42,2
480,43,1
480,44,1
480,45,1
480,46,2
480,47,0
480,48,0
480,49,2
480,50,2
481,1,2
481,2,2
481,3,1
481,4,1
481,5,2
481,6,0
481,7,1
481,8,1
481,9,1
481,10,0
481,11,2
481,12,2
481,13,2
481,14,1
481,15,0
481,16,2
481,17,1
481,18,0
481,19,1
481,20,0
481,21,0
481,22,1
481,23,1
481,24,2
481,25,1
481,26,2
481,27,0
481,28,1
481,29,0
481,30,2
481,31,2
481,32,1
481,33,0
481,34,0
481,35,2
481,36,2
481,37,1
481,38,2
481,39,0
481,40,2
481,41,0
481,42,1
481,43,2
481,44,0
481,45,0
481,46,1
481,47,1
481,48,0
481,49,1
481,50,2
482,1,1
482,2,2
482,3,2
482,4,1
482,5,2
482,6,2
482,7,1
482,8,0
482,9,1
482,10,2
482,11,0
482,12,2
482,13,2
482,14,2
482,15,0
482,16,1
482,17,0
482,18,2
482,19,0
482,20,1
482,21,2
482,22,1
482,23,0
482,24,2
482,25,2
482,26,0
482,27,1
482,28,2
482,29,0
482,30,2
482,31,1
482,32,0
482,33,1
482,34,0
482,35,2
482,36,0
482,37,1
482,38,1
482,39,2
482,40,0
482,41,2
482,42,0
482,43,1
482,44,2
482,45,1
482,46,0
482,47,1
482,48,1
482,49,0
482,50,2
483,1,0
483,2,1
483,3,2
483,4,0
483,5,1
483,6,2
483,7,1
483,8,0
483,9,1
483,10,2
483,11,0
483,12,1
483,13,2
483,14,1
483,15,0
483,16,0
483,17,1
483,18,2
483,19,1
483,20,0
483,21,2
483,22,1
483,23,0
483,24,2
483,25,1
483,26,1
483,27,0
483,28,0
483,29,1
483,30,2
483,31,2
483,32,1
483,33,1
483,34,0
483,35,2
483,36,2
483,37,1
483,38,1
483,39,0
483,40,1
483,41,2
483,42,1
483,43,2
483,44,0
483,45,1
483,46,2
483,47,1
483,48,0
483,49,1
483,50,2
484,1,1
484,2,0
484,3,1
484,4,2
484,5,0
484,6,0
484,7,2
484,8,1
484,9,0
484,10,1
484,11,0
484,12,2
484,13,1
484,14,0
484,15,2
484,16,1
484,17,0
484,18,0
484,19,2
484,20,1
484,21,0
484,22,2
484,23,1
484,24,0
484,25,2
484,26,1
484,27,0
484,28,1
484,29,2
484,30,1
484,31,0
484,32,2
484,33,1
484,34,0
484,35,1
484,36,0
484,37,2
484,38,1
484,39,1
484,40,2
484,41,0
484,42,1
484,43,1
484,44,2
484,45,0
484,46,1
484,47,2
484,48,1
484,49,1
484,50,2
485,1,0
485,2,2
485,3,0
485,4,2
485,5,1
485,6,0
485,7,1
485,8,2
485,9,1
485,10,0
485,11,0
485,12,1
485,13,2
485,14,0
485,15,0
485,16,1
485,17,2
485,18,2
485,19,1
485,20,2
485,21,1
485,22,0
485,23,1
485,24,2
485,25,1
485,26,0
485,27,0
485,28,1
485,29,0
485,30,0
485,31,2
485,32,2
485,33,2
485,34,2
485,35,1
485,36,2
485,37,2
485,38,0
485,39,0
485,40,1
485,41,1
485,42,1
485,43,1
485,44,1
485,45,0
485,46,1
485,47,1
485,48,1
485,49,0
485,50,2
486,1,1
486,2,0
486,3,1
486,4,2
486,5,2
486,6,1
486,7,0
486,8,2
486,9,1
486,10,2
486,11,1
486,12,0
486,13,1
486,14,1
486,15,1
486,16,2
486,17,0
486,18,2
486,19,1
486,20,2
486,21,1
486,22,0
486,23,1
486,24,2
486,25,2
486,26,1
486,27,1
486,28,0
486,29,1
486,30,1
486,31,0
486,32,1
486,33,2
486,34,2
486,35,1
486,36,2
486,37,0
486,38,2
486,39,1
486,40,2
486,41,0
486,42,1
486,43,2
486,44,0
486,45,2
486,46,1
486,47,1
486,48,2
486,49,0
486,50,2
487,1,0
487,2,1
487,3,0
487,4,2
487,5,0
487,6,2
487,7,0
487,8,2
487,9,2
487,10,1
487,11,2
487,12,1
487,13,2
487,14,1
487,15,2
487,16,1
487,17,2
487,18,0
487,19,1
487,20,0
487,21,2
487,22,1
487,23,2
487,24,0
487,25,1
487,26,2
487,27,1
487,28,0
487,29,0
487,30,2
487,31,2
487,32,2
487,33,1
487,34,0
487,35,2
487,36,1
487,37,2
487,38,0
487,39,1
487,40,2
487,41,0
487,42,1
487,43,2
487,44,2
487,45,0
487,46,1
487,47,0
487,48,1
487,49,2
487,50,0
488,1,0
488,2,0
488,3,0
488,4,2
488,5,1
488,6,0
488,7,0
488,8,1
488,9,0
488,10,2
488,11,0
488,12,0
488,13,1
488,14,0
488,15,2
488,16,2
488,17,0
488,18,0
488,19,0
488,20,1
488,21,0
488,22,2
488,23,0
488,24,1
488,25,2
488,26,0
488,27,1
488,28,0
488,29,1
488,30,0
488,31,1
488,32,1
488,33,0
488,34,2
488,35,0
488,36,1
488,37,1
488,38,0
488,39,1
488,40,2
488,41,2
488,42,0
488,43,2
488,44,1
488,45,1
488,46,0
488,47,2
488,48,0
488,49,1
488,50,0
489,1,0
489,2,1
489,3,2
489,4,2
489,5,1
489,6,2
489,7,2
489,8,1
489,9,0
489,10,1
489,11,1
489,12,1
489,13,0
489,14,2
489,15,2
489,16,0
489,17,1
489,18,0
489,19,0
489,20,0
489,21,1
489,22,1
489,23,2
489,24,1
489,25,2
489,26,1
489,27,0
489,28,0
489,29,1
489,30,0
489,31,2
489,32,1
489,33,0
489,34,1
489,35,0
489,36,0
489,37,1
489,38,2
489,39,2
489,40,1
489,41,0
489,42,1
489,43,0
489,44,1
489,45,0
489,46,0
489,47,0
489,48,2
489,49,1
489,50,2
490,1,1
490,2,2
490,3,0
490,4,1
490,5,2
490,6,1
490,7,0
490,8,2
490,9,1
490,10,0
490,11,2
490,12,1
490,13,0
490,14,1
490,15,1
490,16,0
490,17,0
490,18,2
490,19,1
490,20,0
490,21,2
490,22,0
490,23,1
490,24,2
490,25,0
490,26,1
490,27,1
490,28,0
490,29,2
490,30,1
490,31,0
490,32,1
490,33,0
490,34,2
490,35,1
490,36,1
490,37,0
490,38,2
490,39,1
490,40,0
490,41,2
490,42,1
490,43,0
490,44,1
490,45,2
490,46,0
490,47,1
490,48,0
490,49,2
490,50,1
491,1,1
491,2,2
491,3,0
491,4,1
491,5,2
491,6,0
491,7,1
491,8,2
491,9,1
491,10,2
491,11,0
491,12,1
491,13,2
491,14,1
491,15,1
491,16,0
491,17,1
491,18,2
491,19,1
491,20,0
491,21,1
491,22,2
491,23,1
491,24,0
491,25,1
491,26,2
491,27,1
491,28,2
491,29,2
491,30,2
491,31,1
491,32,0
491,33,0
491,34,0
491,35,0
491,36,0
491,37,0
491,38,0
491,39,1
491,40,2
491,41,2
491,42,1
491,43,2
491,44,2
491,45,1
491,46,0
491,47,1
491,48,2
491,49,1
491,50,0
492,1,1
492,2,0
492,3,2
492,4,0
492,5,0
492,6,0
492,7,2
492,8,1
492,9,2
492,10,1
492,11,0
492,12,2
492,13,0
492,14,0
492,15,1
492,16,1
492,17,1
492,18,2
492,19,2
492,20,2
492,21,0
492,22,1
492,23,0
492,24,2
492,25,0
492,26,0
492,27,1
492,28,0
492,29,2
492,30,2
492,31,0
492,32,2
492,33,2
492,34,0
492,35,0
492,36,0
492,37,2
492,38,1
492,39,1
492,40,2
492,41,2
492,42,0
492,43,0
492,44,0
492,45,1
492,46,2
492,47,2
492,48,1
492,49,2
492,50,0
493,1,2
493,2,2
493,3,0
493,4,2
493,5,1
493,6,0
493,7,2
493,8,1
493,9,0
493,10,2
493,11,1
493,12,0
493,13,2
493,14,1
493,15,0
493,16,2
493,17,1
493,18,0
493,19,2
493,20,1
493,21,0
493,22,2
493,23,0
493,24,1
493,25,0
493,26,0
493,27,2
493,28,1
493,29,0
493,30,1
493,31,0
493,32,2
493,33,1
493,34,0
493,35,2
493,36,1
493,37,0
493,38,1
493,39,2
493,40,0
493,41,1
493,42,0
493,43,2
493,44,0
493,45,1
493,46,2
493,47,0
493,48,1
493,49,2
493,50,0
494,1,2
494,2,1
494,3,2
494,4,1
494,5,0
494,6,2
494,7,1
494,8,1
494,9,2
494,10,1
494,11,2
494,12,2
494,13,0
494,14,0
494,15,1
494,16,0
494,17,0
494,18,2
494,19,1
494,20,2
494,21,0
494,22,2
494,23,1
494,24,0
494,25,2
494,26,2
494,27,1
494,28,0
494,29,1
494,30,2
494,31,0
494,32,2
494,33,0
494,34,1
494,35,0
494,36,2
494,37,1
494,38,2
494,39,0
494,40,0
494,41,1
494,42,2
494,43,1
494,44,1
494,45,2
494,46,0
494,47,2
494,48,2
494,49,0
494,50,0
495,1,1
495,2,0
495,3,0
495,4,0
495,5,2
495,6,1
495,7,1
495,8,2
495,9,0
495,10,0
495,11,1
495,12,2
495,13,2
495,14,2
495,15,2
495,16,0
495,17,0
495,18,1
495,19,0
495,20,2
495,21,1
495,22,0
495,23,0
495,24,1
495,25,2
495,26,0
495,27,1
495,28,2
495,29,0
495,30,2
495,31,2
495,32,0
495,33,1
495,34,2
495,35,0
495,36,0
495,37,2
495,38,1
495,39,1
495,40,2
495,41,0
495,42,0
495,43,1
495,44,2
495,45,1
495,46,0
495,47,0
495,48,2
495,49,1
495,50,2
496,1,0
496,2,1
496,3,0
496,4,0
496,5,2
496,6,2
496,7,2
496,8,2
496,9,1
496,10,2
496,11,0
496,12,0
496,13,0
496,14,2
496,15,1
496,16,2
496,17,0
496,18,1
496,19,2
496,20,2
496,21,2
496,22,2
496,23,1
496,24,2
496,25,2
496,26,2
496,27,1
496,28,0
496,29,0
496,30,1
496,31,2
496,32,0
496,33,0
496,34,2
496,35,2
496,36,1
496,37,1
496,38,2
496,39,2
496,40,0
496,41,0
496,42,0
496,43,1
496,44,2
496,45,0
496,46,0
496,47,1
496,48,2
496,49,1
496,50,2
497,1,1
497,2,1
497,3,2
497,4,2
497,5,0
497,6,0
497,7,1
497,8,0
497,9,2
497,10,0
497,11,1
497,12,0
497,13,0
497,14,2
497,15,2
497,16,1
497,17,0
497,18,1
497,19,2
497,20,0
497,21,1
497,22,0
497,23,1
497,24,1
497,25,0
497,26,2
497,27,1
497,28,0
497,29,1
497,30,0
497,31,2
497,32,2
497,33,1
497,34,0
497,35,1
497,36,2
497,37,1
497,38,0
497,39,2
497,40,0
497,41,1
497,42,0
497,43,2
497,44,0
497,45,0
497,46,1
497,47,2
497,48,1
497,49,2
497,50,0
498,1,0
498,2,1
498,3,2
498,4,0
498,5,0
498,6,1
498,7,1
498,8,0
498,9,0
498,10,1
498,11,1
498,12,1
498,13,1
498,14,1
498,15,1
498,16,1
498,17,1
498,18,2
498,19,0
498,20,0
498,21,0
498,22,0
498,23,0
498,24,2
498,25,1
498,26,0
498,27,1
498,28,1
498,29,0
498,30,0
498,31,1
498,32,1
498,33,0
498,34,2
498,35,0
498,36,1
498,37,0
498,38,0
498,39,0
498,40,0
498,41,0
498,42,0
498,43,0
498,44,0
498,45,0
498,46,0
498,47,0
498,48,0
498,49,0
498,50,0
499,1,2
499,2,0
499,3,2
499,4,1
499,5,0
499,6,1
499,7,0
499,8,2
499,9,1
499,10,2
499,11,0
499,12,0
499,13,2
499,14,0
499,15,1
499,16,2
499,17,2
499,18,0
499,19,0
499,20,1
499,21,0
499,22,0
499,23,2
499,24,0
499,25,1
499,26,2
499,27,0
499,28,1
499,29,1
499,30,2
499,31,0
499,32,0
499,33,2
499,34,1
499,35,2
499,36,0
499,37,1
499,38,0
499,39,2
499,40,2
499,41,1
499,42,0
499,43,0
499,44,2
499,45,2
499,46,1
499,47,2
499,48,0
499,49,0
499,50,1
500,1,0
500,2,1
500,3,2
500,4,0
500,5,1
500,6,2
500,7,0
500,8,2
500,9,1
500,10,0
500,11,1
500,12,1
500,13,2
500,14,0
500,15,1
500,16,0
500,17,2
500,18,1
500,19,0
500,20,1
500,21,0
500,22,0
500,23,1
500,24,2
500,25,1
500,26,0
500,27,1
500,28,1
500,29,2
500,30,1
500,31,0
500,32,0
500,33,0
500,34,0
500,35,0
500,36,1
500,37,0
500,38,1
500,39,2
500,40,0
500,41,1
500,42,0
500,43,2
500,44,0
500,45,1
500,46,1
500,47,2
500,48,1
500,49,0
500,50,1
